대여소_ID,대여소명,시간대그룹,평균총이용건수,평균예측대여수요,평균예측반납수요,평균예측순유출량,평균예측불균형,이용빈도점수,불균형점수,순유출점수,우선순위기초점수
ST-3402,한강버스 여의도 선착장,낮시간,34.171469740634,18.69415107223923,16.28558944382269,2.408561628416537,2.8329014782921,0.5281873474143104,0.1044659934509673,0.1053422528017009,0.2741297869064513
ST-55, 유진투자증권빌딩 앞,낮시간,27.52941176470588,13.07551268320909,15.41999009408389,-2.344477410874794,4.376065529709718,0.4213526921170758,0.173669584382373,0.1025298451707044,0.2585148796339204
ST-3239,LG트윈타워 앞,낮시간,21.19784017278618,12.63783252494851,9.86364571778764,2.774186807160868,4.86222926437092,0.3195120772106718,0.1954717227799537,0.1213881230990987,0.23027114461607
ST-47, 국민일보 앞,낮시간,22.34174022698613,12.03078267967414,11.06897228673055,0.9618103929435844,4.118613273085628,0.3379112192277758,0.1621240713596884,0.04184995515216741,0.2083841072654192
ST-2814, 63스퀘어,낮시간,15.03585147247119,9.190942607413954,6.467010399588783,2.72393220782517,4.902407964438648,0.22039913042077,0.1972735469742695,0.1191826437457411,0.1909055997071641
ST-66, NH농협은행 앞,낮시간,20.56128765992571,11.03520084962205,10.010429838427,1.024771011195046,2.913566499983833,0.3092734029117571,0.1080834372078378,0.04461305237040731,0.1758653465219195
ST-59, KT앞,낮시간,15.29216867469879,8.939611543705574,6.738285663567217,2.201325880138356,3.538500805032054,0.2245218827433152,0.1361087777189974,0.09624747998196276,0.1635017601813177
ST-73, 여의나루역 1번출구 앞,낮시간,21.84870378240544,11.53435769547404,11.69948576653402,-0.1651280710599737,1.610469198458904,0.3299809393662256,0.04964570175404251,0.006886659546879943,0.1532279883574832
ST-70, 롯데캐슬 앞,낮시간,15.58025715470759,7.227019327522521,8.66396280986424,-1.436943482341718,2.950936586482912,0.2291556624496032,0.1097593084003904,0.06270170270595253,0.148106328881188
ST-53, KBS 앞,낮시간,15.39762107051827,8.291995525783122,7.517429594556472,0.7745659312266504,2.437846705539767,0.226218039325879,0.08674966000998491,0.03363252232400618,0.1319135841991468
ST-60, 금융감독원 앞,낮시간,10.63862332695985,6.387598476989365,4.625728425403523,1.761870051585843,3.586231936310941,0.1496716006564188,0.1382492926439549,0.07696146896213653,0.1305606511125768
ST-3315,우리은행 앞,낮시간,12.23888404533566,6.903596072374195,5.816851874456602,1.086744197917593,2.84287355699194,0.1754111083290382,0.1049131938989336,0.04733281505054199,0.1215962839012971
ST-62, 롯데캐슬엠파이어 옆,낮시간,16.26003344481605,8.378206748447957,8.307013909889653,0.07119283855830365,1.552971157584387,0.2400895726768506,0.04706718724265146,0.002764206705272764,0.1154155453088554
ST-3160, 여의도 삼부아파트,낮시간,13.30243288590604,6.330042033818168,7.356616866797665,-1.026574832979497,1.523107965247473,0.1925178355189997,0.04572796466000304,0.04469221510884977,0.1042367630933711
ST-52, 산업은행 앞,낮시간,10.80877034358047,6.164769440220376,5.28521853947052,0.8795509007498564,1.648567998161118,0.1524083424819788,0.05135425227862704,0.03823990524531092,0.08915301895330455
ST-68, 시범아파트버스정류장 옆,낮시간,11.60135135135135,6.157511258140056,5.717977573308786,0.4395336848312698,1.508216631826709,0.16515666823692,0.04506015896201065,0.01892925711243481,0.08787258230205924
ST-46, 진미파라곤 앞,낮시간,9.883669885864794,5.219453647629138,5.332665452892702,-0.1132118052635639,2.086552456511147,0.13752849818168,0.0709957785713919,0.004608256100609258,0.08433136192135061
ST-3397,한국산업은행,낮시간,8.336721728081322,4.735507608345707,3.558141329864049,1.177366278481658,2.115064230898606,0.1126465001927366,0.07227439646663487,0.05130986651019577,0.08423033196578775
ST-3401,여의나루역 3번출구,낮시간,11.70137825421133,6.565374511164705,5.902507375032648,0.6628671361320565,1.135943313646982,0.166765558090972,0.02836546574237523,0.02873049565117477,0.08379850866357387
ST-51, 국회의사당역 3번출구 옆,낮시간,11.5,5.842993282709878,6.081220314067414,-0.2382270313575353,1.273664332901888,0.1635264751966346,0.0345416004640319,0.01009468925598675,0.08124616811546395
ST-63, 미성아파트 A동 앞,낮시간,9.034258456201215,5.027360402640262,4.319433498329041,0.7079269043112213,1.660748599794304,0.1238660794520454,0.05190049450863948,0.03070799402346076,0.0764482283889661
ST-57, 여의도역 4번출구 옆,낮시간,2.0,0.0,2.895108069574097,-2.895108069574097,2.895108069574097,0.01072304755387768,0.1072556641229621,0.1266948880750334,0.07253046228574261
ST-2646, 국회도서관,낮시간,6.85,3.605884146164688,3.54671390349871,0.05917024266597841,2.521668521030549,0.08873321850833778,0.09050867100108655,0.002236581624886341,0.072144072128747
ST-50, 국회의사당역 5번출구 옆,낮시간,9.867692307692307,5.317744747223348,4.885701682526475,0.4320430646968731,1.221696397189685,0.137271505685871,0.0322110849486704,0.018600522861866,0.07151314082618976
ST-3061, 여의도역2번출구 앞,낮시간,9.742344706911636,4.93118652396398,5.127825637556542,-0.1966391135925622,1.340708502070483,0.1352553432599676,0.03754821356729671,0.008269556925966802,0.07077533411609907
ST-297, 여의도중학교 옆,낮시간,10.00788288288288,5.213118329359231,5.611155923357399,-0.3980375939981667,1.13812411724378,0.139526410992432,0.02846326444360594,0.01710815471012294,0.07061750111643977
ST-2899, KRX한국거래소(1),낮시간,8.016941391941392,4.565892039298653,3.886947458554588,0.6789445807440658,1.636758724407127,0.1075029705659014,0.05082466234337848,0.02943607230714761,0.06921826762514148
ST-72, 샛강역 1번출구 앞,낮시간,10.26001705029838,5.330529649618581,5.290418365655184,0.04011128396339738,1.137276530811303,0.1435818809931626,0.02842525421086477,0.001400157885155541,0.06908288565864204
ST-71, 앙카라공원 앞,낮시간,9.041792330891857,4.469405806378187,4.843368822771017,-0.3739630163928302,1.09595297313503,0.1239872585969044,0.02657208858104594,0.01605161491971099,0.06343406185512235
ST-424, 증권거래소후문교차로,낮시간,8.83599482088908,4.642541727602999,4.487915731754243,0.1546259958487561,1.244099305316763,0.1206770938675604,0.03321574915677968,0.006425764218851808,0.06284229005350639
ST-64, 여의도고교 앞,낮시간,7.839096357768557,4.405111659979893,3.93513240918342,0.4699792507964723,1.330860582986533,0.1046424094279169,0.03710658108941129,0.0202653948595294,0.06075267517883717
ST-69, 진주아파트상가 앞,낮시간,8.101583113456464,4.138824622564651,4.330900743046772,-0.1920761204821206,1.313156443671194,0.1088643963731737,0.03631263438371538,0.00806930486490931,0.0596846732757375
ST-2644,국회제2의원회관,낮시간,4.391969407265774,2.853874356816465,1.800812638890902,1.053061717925563,1.83119433211067,0.04919685010617493,0.05954417744979527,0.04585462170755906,0.05266733536389989
ST-67, 여의도초교 앞,낮시간,7.682926829268292,4.050441972072867,3.846469867886367,0.2039721041864996,1.00375861476424,0.1021304895070545,0.02243760873944096,0.008591373427681626,0.0515455139841345
ST-296, 초원아파트 앞,낮시간,7.257435897435897,3.845082949429488,4.02409243761655,-0.1790094881870616,0.9976929077739878,0.0952866502633807,0.02216559054093669,0.007495861078159283,0.04848006853735882
ST-2645, 국회소통관,낮시간,4.749187432286024,2.886028064416823,2.12592633550616,0.7601017289106629,1.414152419388941,0.05494254891026653,0.04084182503124797,0.03299774461226673,0.04491329849905915
ST-2694, 국회6문,낮시간,5.485160508782556,2.667164111147734,3.162215321241933,-0.4950512100941991,1.094745839620956,0.06678036035673549,0.02651795436645557,0.0213657058621102,0.04159246706169846
ST-3319,국회박물관,낮시간,4.095454545454546,2.155329870848439,2.129840805947232,0.02548906490120633,1.466031724991738,0.04442753566072502,0.04316836590643437,0.0007584454316045216,0.03519004971318467
ST-425, 샛강생태공원방문자센터 앞,낮시간,4.345588235294118,2.719969190201044,1.976867740996095,0.7431014492049487,0.9183965306778779,0.04845082883718995,0.01860952400487364,0.03225166830506546,0.03327447479783853
ST-1971,여의도 순복음교회,낮시간,4.581358609794629,2.457621325692199,2.620228910756635,-0.162607585064436,0.9363000679386715,0.05224309424353674,0.0194124127629956,0.006776045197207146,0.03001741184205437
ST-1970,KBS 연구동 건너편,낮시간,3.848011363636364,2.454034520891489,1.922885301665064,0.5311492192264251,0.9413177389167786,0.04044751815244627,0.01963743151552442,0.02294990740566694,0.02862396134832167
ST-3383,국회의사당 본관 좌측,낮시간,2.712996389891697,1.787912261066106,1.002273525373732,0.7856387356923733,1.140808473606289,0.02219128884570534,0.02858364509882824,0.03411846474431656,0.02713366652667674
ST-2643, 국회의사당 본관,낮시간,3.550997150997151,2.120638506195183,1.66128770903441,0.4593507971607725,0.9998531988363717,0.03567017186298455,0.02226246935225728,0.01979895327285848,0.02713284714066843
ST-2813, 여의도 은하아파트,낮시간,4.643448611787628,2.384066318348833,2.459327220663841,-0.0752609023150086,0.7649202182840157,0.05324178530952368,0.01172683908825156,0.002942738237553469,0.02657599740662079
ST-3318,국회도서관 2문 앞,낮시간,3.181015452538631,1.872847985686411,1.575641884055544,0.2972061016308664,0.9296845478301893,0.02971917484303184,0.01911573805302856,0.01268305178374566,0.02207057551517329
ST-414, 여의도 마리나선착장 앞,낮시간,3.943661971830986,2.171068266352842,2.14012020007295,0.03094806627989133,0.6998021899731126,0.04198601718278865,0.008806604269829208,0.0009980198186216335,0.02051665254477147
ST-3377,의원회관 출입구 앞,낮시간,2.856613102595797,1.519646056248247,1.448146663866625,0.07149939238162178,0.8422068813872726,0.02450130210549183,0.01519277948061475,0.002777660163005153,0.01643316466704366
ST-3375,여의도성당,낮시간,2.227154046997389,1.230158931409118,0.9933816909105059,0.2367772404986118,0.9474828094918734,0.01437672302589083,0.01991390569968531,0.01003106356105915,0.01572246420244229
ST-2647, 의정관,낮시간,3.043835616438356,1.706810262626915,1.634985306397018,0.07182495622989733,0.7288386928856804,0.02751269598412724,0.01010875375146984,0.002791947896965084,0.01560696947363185
ST-1969,국회3문,낮시간,2.728491620111732,1.37743336484643,1.641272322106307,-0.263838957259877,0.7394286675686871,0.02244052298146692,0.01058366390458253,0.01121869729751967,0.01545341421392371
ST-2648, 국회2문,낮시간,2.582046332046332,1.354519732370955,1.485890090620892,-0.1313703582499376,0.7921050615686762,0.02008501329951702,0.01294595041505948,0.005405164527453464,0.01429341839132129
ST-45, 국회의원회관,낮시간,2.483042137718397,1.311497052253569,1.250984212145049,0.06051284010852011,0.7108775538458311,0.01849257327379933,0.009303281826670931,0.002295503016729834,0.01157744264353407
ST-73, 여의나루역 1번출구 앞,심야,8.591009579955784,4.863779134673009,4.249886556395292,0.6138925782777169,1.519279653498073,0.1167366112847715,0.04555628302964107,0.02658119235127089,0.0702333961960192
ST-3402,한강버스 여의도 선착장,심야,7.223214285714286,4.044694533277599,3.260400062332088,0.7842944709455107,1.335893179175575,0.09473621030858895,0.03733226916688399,0.03405947018095636,0.05963928582638045
ST-3383,국회의사당 본관 좌측,심야,2.142857142857143,1.68883860084835,0.4044626600827294,1.284375940765621,2.093301260931079,0.01302084345828004,0.0712984304507718,0.05600610534000976,0.04492893063162269
ST-57, 여의도역 4번출구 옆,심야,2.0,1.749863478987023,0.0,1.749863478987023,1.749863478987023,0.01072304755387768,0.05589687431018376,0.07643454708192417,0.04193487816200941
ST-3318,국회도서관 2문 앞,심야,2.4,1.81650748718164,0.8368756690065444,0.9796318181750954,1.677808326644142,0.01715687608620428,0.05266554237068188,0.04263206835006498,0.03645538105276747
ST-45, 국회의원회관,심야,2.0,1.527626072167525,0.5857397495904355,0.94188632257709,1.781381143344165,0.01072304755387768,0.05731029211840791,0.04097556501854768,0.03540844887262377
ST-3401,여의나루역 3번출구,심야,4.050632911392405,2.242754741896247,2.012192469746496,0.2305622721497509,1.263105690571356,0.04370659889048877,0.03406809541836815,0.009758312717228483,0.03306154026698847
ST-3061, 여의도역2번출구 앞,심야,2.624082232011748,1.139735739325962,1.415870849035041,-0.2761351097090794,1.731052577147976,0.02076114273096582,0.05505329455291532,0.0117583277136593,0.03267744045628432
ST-67, 여의도초교 앞,심야,3.519306540583136,1.998440729330091,1.586219560930421,0.41222116839967,1.292813953420329,0.03516044197926321,0.03540037014806677,0.017730616751664,0.03177044820126479
ST-3239,LG트윈타워 앞,심야,3.766595289079229,1.952248250031031,2.053890189075438,-0.1016419390444065,1.163185851831897,0.03913797549375696,0.02958716441190432,0.004100499568774068,0.02831015587601932
ST-72, 샛강역 1번출구 앞,심야,3.524502297090352,1.567647241694415,1.894077631426541,-0.3264303897321259,1.125570225147948,0.03524401349542108,0.02790028190626722,0.01396559238452442,0.02805083663758021
ST-55, 유진투자증권빌딩 앞,심야,2.799404170804369,1.192530361257391,1.584900425257522,-0.3923700640001315,1.320822469656262,0.02358112096133278,0.03665641930136743,0.01685942881119168,0.02746690186731842
ST-2899, KRX한국거래소(1),심야,2.570762052877138,1.128465224907394,1.502812992851161,-0.3743477679437666,1.379759565573847,0.01990351050630328,0.03929946860828899,0.01606850017226457,0.02689489168028983
ST-425, 샛강생태공원방문자센터 앞,심야,2.183274021352313,0.8268364637780997,1.369648951675247,-0.5428124878971469,1.392808366006575,0.01367093162340455,0.03988464543797375,0.02346176300865584,0.02611458342628249
ST-3319,국회박물관,심야,1.333333333333333,1.129121979078812,0.3772133130112043,0.7519086660676075,1.506335292090016,0.0,0.04497578979502448,0.03263818287702304,0.0245179524934144
ST-3375,여의도성당,심야,1.807692307692308,0.4862864068404201,1.405495914392621,-0.9192095075522008,1.24011813946058,0.007629860759489887,0.03303721274447256,0.03998036760381521,0.02426290292234802
ST-63, 미성아파트 A동 앞,심야,2.995798319327731,1.296277359651793,1.714978198773044,-0.4187008391212512,1.056318318953247,0.02674003665221177,0.02479466226516968,0.01801498435546363,0.02421687643804531
ST-66, NH농협은행 앞,심야,2.877305533279872,1.258869555526505,1.575414219296179,-0.3165446637696739,1.123551026411775,0.02483413098283779,0.02780973041680054,0.01353174623329958,0.02376389380651525
ST-68, 시범아파트버스정류장 옆,심야,2.823838737949167,1.179795332803676,1.647530026657219,-0.4677346938535431,1.048227037149558,0.02397414049951092,0.02443180664036506,0.02016688996524106,0.0233957568489986
ST-2646, 국회도서관,심야,1.769230769230769,1.041998041263845,0.6945943704019503,0.3474036708618951,1.478007834426357,0.007011223400612327,0.04370543763092264,0.01488602830711295,0.02326387007403658
ST-2813, 여의도 은하아파트,심야,2.259459459459459,0.9438441277963795,1.356593821494423,-0.412749693698043,1.216440287092335,0.01489634173700845,0.03197537333218134,0.01775381167608281,0.02229944836289248
ST-70, 롯데캐슬 앞,심야,3.240786240786241,1.838699229374403,1.414981318128024,0.4237179112463799,0.8502312559645522,0.03068056235009964,0.01555263463354959,0.01823516418243555,0.0221403116299468
ST-60, 금융감독원 앞,심야,2.258333333333333,1.429600965374054,0.8769656730790721,0.5526352922949821,1.113312254259444,0.01487822848100528,0.02735057003199316,0.02389284777657492,0.02167008896051436
ST-62, 롯데캐슬엠파이어 옆,심야,2.85700575815739,1.318693460753035,1.46619989226236,-0.1475064315093256,1.087562497124783,0.0245076178018807,0.02619581551467979,0.006113314167253029,0.0215040361600748
ST-71, 앙카라공원 앞,심야,2.975984630163305,1.503840944044082,1.418235925683062,0.08560501836101997,1.044087221654058,0.02642134195551993,0.0242461555439577,0.003396701350776571,0.02094633926994637
ST-3315,우리은행 앞,심야,2.471751412429378,1.106313100919814,1.371663683920941,-0.265350583001127,1.126586976034231,0.01831096679751146,0.02794587836268338,0.01128503668548415,0.02075974540117477
ST-2645, 국회소통관,심야,1.59375,0.8406346307029824,0.9108972418986025,-0.07026261119562016,1.520166722756111,0.004188690450733469,0.04559606387990432,0.00272338263604435,0.02045857825946398
ST-2644,국회제2의원회관,심야,1.666666666666667,0.9810811727381141,0.662864872672825,0.3182163000652892,1.368527214029833,0.005361523776938841,0.0387957508987327,0.01360510786357893,0.02038393144298441
ST-3377,의원회관 출입구 앞,심야,1.694915254237288,0.6658323100092903,1.025186485471451,-0.3593541754621606,1.286512693619949,0.005815890198713316,0.0351177885228809,0.015410489580439,0.01945556940472549
ST-46, 진미파라곤 앞,심야,2.614583333333333,1.512299691829354,1.131604931634463,0.3806947601948907,0.9093730840773578,0.02060835701760866,0.01820486520870734,0.01634704503285072,0.01879469789709655
ST-2814, 63스퀘어,심야,2.491786447638604,1.032483239139104,1.544347275388997,-0.5118640362498933,0.8857660443413156,0.01863322175044966,0.01714620140721862,0.02210355556040905,0.01873248037514912
ST-296, 초원아파트 앞,심야,2.853658536585366,1.341346540323037,1.676281216716284,-0.3349346763932479,0.8293303849126981,0.02445377917774543,0.01461532966648933,0.01433881252544823,0.01849540604278355
ST-50, 국회의사당역 5번출구 옆,심야,2.421505376344086,1.154997106217654,1.3307210499068,-0.1757239436891458,1.058812871541965,0.01750278084600679,0.02490653112107518,0.007351671279603994,0.01843405904275358
ST-1969,국회3문,심야,2.045045045045045,1.162867455787459,1.014329015209125,0.1485384405783336,1.16880616160092,0.01144757779400455,0.02983920865684764,0.006158605040611123,0.0177464355884631
ST-297, 여의도중학교 옆,심야,3.024630541871921,1.633395969323317,1.576443309918024,0.05695265940529235,0.8603412412854593,0.02720379059234977,0.01600601953959885,0.002139260500841077,0.01771177615294767
ST-3160, 여의도 삼부아파트,심야,3.218132854578097,1.576964137454383,1.662338519717437,-0.08537438226305445,0.773080379619531,0.03031619234375022,0.01209278363347247,0.003386579627413421,0.01764090631637176
ST-52, 산업은행 앞,심야,2.302504816955684,1.136711032778781,1.215663768795328,-0.07895273601654702,1.097946284310788,0.01558870786011697,0.02666147913617158,0.003104758492662517,0.01752102649704793
ST-69, 진주아파트상가 앞,심야,2.62696335078534,1.416561656489091,1.266816082579676,0.1497455739094148,0.9397981702527768,0.02080748429139222,0.01956928606584319,0.006211581438267091,0.01739302443054758
ST-2694, 국회6문,심야,1.976923076923077,0.7922794846682298,1.279772488013789,-0.4874930033455593,1.000045824594274,0.01035186513855114,0.02227110770418136,0.02103400549731011,0.01725599023655502
ST-64, 여의도고교 앞,심야,3.01203007518797,1.647497070153641,1.539402981352513,0.1080940888011279,0.8041844751464158,0.02700111748717018,0.0134876548405593,0.00438365938422029,0.01707224080793585
ST-2643, 국회의사당 본관,심야,1.347133757961783,0.3499049652453639,0.9385825666591757,-0.5886776014138118,1.14193661079118,0.0002219739143318645,0.02863423670260879,0.02547460486268596,0.01663740521931346
ST-2648, 국회2문,심야,1.653333333333333,0.8804037844920786,0.7968927087813369,0.08351107571074169,1.210104351742851,0.005147062825861286,0.03169123667302916,0.003304806333338373,0.01539628106622386
ST-47, 국민일보 앞,심야,3.131627056672761,1.605655039841291,1.619046096811212,-0.01339105696992106,0.7121842151253737,0.02892478366681264,0.009361879389640535,0.0002275108094623292,0.01536016738447374
ST-2647, 의정관,심야,1.583333333333333,0.8122499129241834,0.7601294721317168,0.05212044079246653,1.227200799189273,0.004021142832704129,0.0324579312797209,0.001927193177205541,0.01497706828041112
ST-424, 증권거래소후문교차로,심야,2.151986183074266,0.9984062195754269,1.130616546243512,-0.1322103266680854,0.9754979003967803,0.01316768015683425,0.02117024969571626,0.005442027481853371,0.01482357743739088
ST-1971,여의도 순복음교회,심야,2.4140625,1.260754837109175,1.343107384715626,-0.08235254760645071,0.8882595542763599,0.01738306537054389,0.01725802350505046,0.003253963030475081,0.01450722815633276
ST-53, KBS 앞,심야,2.61447963800905,1.25948856701075,1.38677639706967,-0.1272878300589204,0.7509443618324284,0.02060668912276855,0.01110008819167436,0.005225998207279607,0.01372791056723309
ST-59, KT앞,심야,2.605369127516779,1.302638999756448,1.336616945711176,-0.03397794595472754,0.7898743950648446,0.02046015046689546,0.01284591559886885,0.00113098948019174,0.01354862432234407
ST-51, 국회의사당역 3번출구 옆,심야,2.437313432835821,1.272216709367782,1.214065541634117,0.05815116773366551,0.817353147609014,0.01775704665824968,0.01407820736242121,0.002191858380597258,0.01317247328438781
ST-414, 여의도 마리나선착장 앞,심야,2.192411924119241,1.006262584734123,1.299130576522021,-0.2928679917878977,0.7857891231860475,0.01381791087227326,0.01266271052505694,0.01249266897664469,0.01309078235426102
ST-3397,한국산업은행,심야,2.146341463414634,0.9443437434608131,1.08088209796588,-0.1365383545050666,0.8744477689133743,0.01307688726082644,0.01663863041886862,0.00563196782883448,0.01301260063764492
ST-1970,KBS 연구동 건너편,심야,2.0,1.057686759157604,1.03269293933552,0.02499381982208404,0.8175014152155681,0.01072304755387768,0.01408485646157753,0.0007367110468657243,0.01007050381555523
ST-73, 여의나루역 1번출구 앞,야간,44.44501018329939,23.76388334557989,26.35390845307277,-2.590025107492881,3.987187240522942,0.69343284148439,0.15623023694406,0.1133059807346988,0.3625264275183198
ST-3402,한강버스 여의도 선착장,야간,29.52898550724638,15.07797279557213,13.78029565631772,1.297677139254412,2.601984771938114,0.4535149786101961,0.0941104740419527,0.05658984332677552,0.2303681497262146
ST-3401,여의나루역 3번출구,야간,16.49259259259259,8.979309414792953,8.158331499483687,0.8209779153092654,1.684651155090703,0.2438301868778963,0.05297241078184954,0.03566936420506079,0.1258549119049105
ST-67, 여의도초교 앞,야간,10.95615866388309,4.628117582399384,7.166583623675306,-2.538466041275921,2.575301741039044,0.1547790204332155,0.09291386662133985,0.1110432533918678,0.1212858055001957
ST-53, KBS 앞,야간,9.303030303030303,5.77342673922178,4.114859142781286,1.658567596440493,2.01017346966547,0.1281891593940831,0.06757054315551515,0.07242792506792865,0.09278946603342506
ST-3239,LG트윈타워 앞,야간,13.01304863582444,7.633600253777948,7.308947743842953,0.3246525099349947,1.246436533694813,0.1878632139065473,0.03332056276777537,0.01388756813923829,0.09125102429757675
ST-55, 유진투자증권빌딩 앞,야간,8.83920704845815,5.470009183945713,3.696507112211246,1.773502071734467,1.917587920623029,0.1207287611710259,0.06341852026708235,0.07747195318874951,0.0891533032129932
ST-47, 국민일보 앞,야간,12.21351931330472,6.842293725430334,6.69100235947012,0.1512913659602139,1.391755957631599,0.1750031274873995,0.03983744991225647,0.006279420252976338,0.08719211501045768
ST-72, 샛강역 1번출구 앞,야간,8.709375,5.270544684269396,3.866384329415489,1.404160354853907,1.709657294815217,0.1186404683265747,0.05409381758411345,0.06126297845446899,0.08134631005516907
ST-71, 앙카라공원 앞,야간,7.945945945945946,4.942167844960472,3.396200515736339,1.545967329224132,1.861571942757506,0.1063610392506245,0.06090646925457515,0.06748633628180878,0.08040427065844163
ST-64, 여의도고교 앞,야간,10.0656455142232,5.16937324421604,6.185516331318627,-1.016143087102587,1.299997064683291,0.1404554981564809,0.03572249863012941,0.04423440626239351,0.07931807996712283
ST-68, 시범아파트버스정류장 옆,야간,7.797669491525424,3.218538814670754,4.843198673742403,-1.624659859071649,1.712952764129782,0.1039760760428171,0.05424160375769793,0.07093984605278196,0.0774750411307624
ST-297, 여의도중학교 옆,야간,10.82687338501292,5.954397173676061,6.531901126074135,-0.5775039523980725,1.052765956452678,0.1526995221432038,0.02463535565022904,0.02498423676639965,0.07593079847065308
ST-2694, 국회6문,야간,5.199040767386091,3.991345787114365,2.205527569547153,1.785818217567213,2.321718083804653,0.06217824696708926,0.08154184193866443,0.07801246103690915,0.0730905277696833
ST-2814, 63스퀘어,야간,7.374581939799331,3.25229930357765,4.736475119138154,-1.484175815560503,1.550942126162997,0.09717089413789821,0.04697619480387356,0.06477454652725309,0.07061374488215934
ST-70, 롯데캐슬 앞,야간,8.614432989690721,4.701865302809888,3.962729343638473,0.7391359591714148,1.420610282792169,0.117113366789464,0.04113142958549958,0.03207763833546044,0.06971344621707753
ST-59, KT앞,야간,6.884615384615385,4.281064229521625,3.112757285562024,1.168306943959601,1.422762365363236,0.08928999213132759,0.0412279402849044,0.05091228747250235,0.06238963046099327
ST-52, 산업은행 앞,야간,7.209656925031767,4.390766581239127,3.504947572084253,0.8858190091548738,1.422979016920633,0.09451814597363335,0.04123765608001962,0.03851498819999787,0.06200531846146077
ST-66, NH농협은행 앞,야간,7.870540265035678,4.174593745701063,3.62453214320697,0.5500616024940935,1.33083220198393,0.1051481711972745,0.03710530833601056,0.02377989851834107,0.06165737151698225
ST-3160, 여의도 삼부아파트,야간,8.506147540983607,4.121985396344446,4.690387241607767,-0.5684018452633212,1.081101001689989,0.115371641765645,0.0259060480810334,0.02458478060471291,0.06142803205961394
ST-2644,국회제2의원회관,야간,2.756198347107438,2.413053188913436,0.3489320487567307,2.064121140156705,2.183735759116217,0.02288617380817281,0.07535398890727031,0.09022609636310308,0.05734128435879787
ST-3315,우리은행 앞,야간,6.181697612732095,3.898157588954342,2.730526607704447,1.167630981249895,1.344953593150124,0.0779838610897722,0.03773858577449801,0.05088262209222665,0.05646550316415341
ST-1971,여의도 순복음교회,야간,6.010544815465729,3.862973769136356,3.350230524729634,0.5127432444067217,1.397408010461827,0.07523094171367256,0.04009091768298798,0.022142140594671,0.05055717187759842
ST-46, 진미파라곤 앞,야간,6.975206611570248,3.926581122294377,3.689347161233014,0.2372339610613635,1.182706044193268,0.09074711318322927,0.03046255248606127,0.01005110725426769,0.05049408771856976
ST-69, 진주아파트상가 앞,야간,5.814336075205641,3.533508166225007,2.676141577738144,0.8573665884868623,1.295564672422226,0.07207500823522951,0.03552372685301309,0.03726632186565563,0.05049275840842816
ST-62, 롯데캐슬엠파이어 옆,야간,6.249438202247191,3.57586445969699,2.772218025327878,0.8036464343691122,1.138083310509733,0.07907343943381932,0.02846143445506538,0.03490875276089658,0.0499957001077332
ST-1970,KBS 연구동 건너편,야간,4.354901960784313,3.135707972988456,1.848462917342957,1.287245055645498,1.546800533015325,0.04860063611919264,0.0467904639881949,0.05613201965857214,0.04938284397466945
ST-3383,국회의사당 본관 좌측,야간,2.695652173913043,2.160803134245636,0.3466895261952173,1.814113608050419,1.843571358454743,0.0219123145666196,0.06009922839676073,0.07925423592579131,0.0486554643705104
ST-2643, 국회의사당 본관,야간,2.973084886128365,2.324039673762493,0.5898256983118175,1.734213975450676,1.737050621824626,0.02637470081574882,0.05532227841746937,0.07574775109914943,0.04782834191311716
ST-296, 초원아파트 앞,야간,6.928882438316401,3.961607793962777,4.134521679273778,-0.1729138853110015,1.023776922334228,0.09000200871418666,0.02333533491893553,0.00722834872173566,0.04678060719759601
ST-3061, 여의도역2번출구 앞,야간,5.343828715365239,3.262311018782349,2.270829163528182,0.9914818552541671,1.169619345228367,0.06450709904420243,0.02987567608690104,0.04315212049374707,0.04638353415119081
ST-3319,국회박물관,야간,1.854166666666667,2.016999639540734,0.1496235766553282,1.867376062885406,1.867376062885406,0.008377380901466938,0.06116675652259371,0.0815917183851184,0.04413599864664795
ST-63, 미성아파트 A동 앞,야간,5.647326507394767,3.221711636239277,2.621540693037113,0.6001709432021646,1.047717129196174,0.06938873092884668,0.02440893968633883,0.02597900303420392,0.04271486885291499
ST-414, 여의도 마리나선착장 앞,야간,4.842465753424658,3.101669615670001,2.506332535354391,0.5953370803156095,1.267700225364571,0.0564428907202397,0.03427413851926703,0.02576686354977497,0.04144018440575769
ST-424, 증권거래소후문교차로,야간,4.339007092198582,2.690548327303335,1.653431664750159,1.037116662553176,1.16065375635755,0.04834497397163149,0.02947361193558466,0.04515485510158073,0.04015840538320261
ST-51, 국회의사당역 3번출구 옆,야간,5.95985401459854,3.188612858293006,3.027927479281898,0.1606853790111077,0.8795317218750043,0.07441560191130804,0.01686662160408833,0.006691687032590295,0.03785122681267661
ST-45, 국회의원회관,야간,2.022988505747127,1.817528070205093,0.3409754801075443,1.476552590097549,1.543840777231927,0.01109280781435622,0.04665773297472749,0.06443999274338494,0.03598821486431047
ST-2647, 의정관,야간,2.076190476190476,1.701020669240638,0.404853424384731,1.296167244855907,1.359428794478786,0.01194853870289227,0.03838772992121282,0.05652357992072567,0.03143922343378717
ST-50, 국회의사당역 5번출구 옆,야간,5.004126547455296,2.832241877955059,2.594101078423405,0.2381407995316536,0.8022033526378369,0.05904313529322193,0.01339881088936517,0.01009090487576886,0.03099495944818861
ST-2899, KRX한국거래소(1),야간,4.20253164556962,2.532939794678109,1.969447670014853,0.5634921246632563,0.9207904954842623,0.04614982491542292,0.01871688197566944,0.02436931201960162,0.03082054516035727
ST-3377,의원회관 출입구 앞,야간,2.43609022556391,1.702860332115501,0.7264773027594705,0.9763830293560302,1.295638612364525,0.01773737189363225,0.03552704270884557,0.04248949161562512,0.02980366416411616
ST-425, 샛강생태공원방문자센터 앞,야간,4.1875,2.459662694367756,2.250769577509613,0.2088931168581432,1.026917657052441,0.04590804734003881,0.02347618197953395,0.008807337577995953,0.0295151592434283
ST-2813, 여의도 은하아파트,야간,4.592493297587131,2.357132553202559,2.720183459592925,-0.363050906390366,0.7340490594374809,0.05242219092358162,0.01034241398682994,0.01557272475582292,0.02822038691532921
ST-2648, 국회2문,야간,2.389105058365759,1.681592274704804,0.8196834268345354,0.8619088478702687,1.262081630307794,0.01698163562034325,0.03402217117103777,0.03746566400389015,0.02789465551733044
ST-60, 금융감독원 앞,야간,3.529182879377432,2.210930032413532,1.607093158332528,0.6038368740810047,0.9467640077818887,0.03531929865508737,0.01988167085112668,0.02613988651493988,0.0273083651054736
ST-2646, 국회도서관,야간,2.145,1.52599996580865,0.6386191284252523,0.8873808373833976,1.169758676466874,0.01305531039684607,0.02988192443232146,0.03858353078031954,0.02489160008773092
ST-3397,한국산업은행,야간,3.480582524271845,1.889303016402653,1.375809423910695,0.5134935924919578,0.7637100086825198,0.03453758277668854,0.01167256692572533,0.02217507046042846,0.02291907397305124
ST-3318,국회도서관 2문 앞,야간,1.700934579439252,1.256925899318097,0.2916723162084625,0.9652535831096349,1.056316167299423,0.005912708464287692,0.02479456577369758,0.04200106340735778,0.02068312237666567
ST-2645, 국회소통관,야간,1.887323943661972,1.273352962241198,0.6217865014186599,0.6515664608225379,1.065616011640938,0.008910701488433563,0.02521161969803227,0.02823455286377626,0.01929583904734158
ST-3375,여의도성당,야간,2.436363636363637,1.232989888866256,1.493625249149336,-0.2606353602830803,0.76258805628777,0.01774176958914307,0.01162225268045798,0.01107810385767137,0.0139612296793747
ST-1969,국회3문,야간,2.791005291005291,1.653469785005119,1.568180669668191,0.08528911533692787,0.6818134269979763,0.02344602858010556,0.007999893542509103,0.003382837592901509,0.01325493636762617
ST-47, 국민일보 앞,출근시간,35.35168195718654,7.096727065869164,28.8094631729745,-21.71273610710533,21.72658536470527,0.5471705549969508,0.9517581330400737,0.9525275613933051,0.7900769874934708
ST-55, 유진투자증권빌딩 앞,출근시간,29.15793528505393,3.506259547485843,26.30071441021499,-22.79445486272914,22.8023259998931,0.4475467948440264,1.0,1.0,0.7790187179376107
ST-3315,우리은행 앞,출근시간,24.36117936117936,1.273480409250755,23.68797408604097,-22.41449367679021,22.41475580919911,0.3703930320299492,0.9826193145768563,0.9833249779772832,0.7378699342381789
ST-66, NH농협은행 앞,출근시간,33.6599552572707,7.836399163825932,26.27367906689641,-18.43727990307048,18.55063927286148,0.5199598562199075,0.8093320092859285,0.808780498909127,0.6934728459841598
ST-3397,한국산업은행,출근시간,21.5327868852459,1.358773323831367,19.86962680325496,-18.51085347942359,18.51146038625803,0.3248995514992528,0.8075750219849593,0.8120093576751785,0.6153917009287205
ST-3239,LG트윈타워 앞,출근시간,28.26618705035971,6.369093959329921,22.84048573275154,-16.47139177342162,16.55595850325586,0.4332034067539575,0.7198800343700276,0.7225052974695746,0.605734435943509
ST-60, 금융감독원 앞,출근시간,20.30166503428012,1.25549053660678,19.54083550100168,-18.2853449643949,18.31794206080336,0.3050974842704667,0.7988966426381924,0.8021126640296913,0.6020201835694019
ST-53, KBS 앞,출근시간,22.06374807987711,4.398917187681163,17.91496017940247,-13.51604299172131,13.62101491432991,0.333439834708194,0.5882617301798809,0.5928065075842763,0.4872419274720853
ST-2814, 63스퀘어,출근시간,23.43518518518519,5.744989399380207,18.17248599705733,-12.42749659767712,12.68529803997575,0.3554988126542503,0.5462992649831754,0.5450344304217597,0.4697261171393222
ST-52, 산업은행 앞,출근시간,16.79354290569244,2.232371787124773,14.90965434191635,-12.67728255479158,12.78831761222201,0.2486708436559823,0.5509192043403093,0.5559965667924954,0.4310353325570158
ST-59, KT앞,출근시간,30.61908646003263,12.67524597760305,18.33747194268392,-5.662225965080861,7.818033668294609,0.4710487851430776,0.3280255356130556,0.2481329547896831,0.3692563192603899
ST-2644,국회제2의원회관,출근시간,13.8189448441247,1.794740375945126,12.469500228459,-10.67475985251387,10.70544429802958,0.2008257089541875,0.457512211956772,0.4681136161196384,0.3569578915883115
ST-62, 롯데캐슬엠파이어 옆,출근시간,21.9014657980456,7.662555133237388,14.82635534334591,-7.163800210108523,7.369152747792566,0.3308295937703474,0.3078953546573762,0.3140312215895059,0.3182962236889907
ST-3061, 여의도역2번출구 앞,출근시간,19.23770491803279,6.367348716906952,13.35838713063782,-6.991038413730867,7.334668558317747,0.2879841418875427,0.3063489022631384,0.3064493767435311,0.2990230930089787
ST-51, 국회의사당역 3번출구 옆,출근시간,25.39966969446738,10.72534726858528,15.58656266605376,-4.861215397468483,5.880154823588438,0.3870967038720838,0.2411208577076359,0.2129797092749895,0.2938829664868858
ST-424, 증권거래소후문교차로,출근시간,12.06987295825771,2.564724184108428,10.03041897876004,-7.465694794651617,7.485742620967359,0.1726926374432342,0.3131238576687836,0.327280203412097,0.2597826387272265
ST-50, 국회의사당역 5번출구 옆,출근시간,15.35661764705882,4.851703520686866,10.92975187765133,-6.07804835696446,6.223711932825374,0.225558516836438,0.2565277651115298,0.2663817859829626,0.2461108699757796
ST-46, 진미파라곤 앞,출근시간,12.43967093235832,3.60772876540134,9.308715898934523,-5.700987133533181,6.170457114846111,0.1786406793356468,0.2541395390281281,0.2498340320614878,0.2230788937578075
ST-2899, KRX한국거래소(1),출근시간,10.87635756056809,2.645977400646971,8.459340154960215,-5.813362754313241,5.844271154515676,0.1534954538946675,0.2395116452889379,0.2547657619872523,0.2081559920708926
ST-63, 미성아파트 A동 앞,출근시간,13.06342311033884,4.114194693041924,9.312788263700995,-5.198593570659072,5.335518942195238,0.1886734657351266,0.216696520769592,0.2277859281103031,0.2077051802239481
ST-73, 여의나루역 1번출구 앞,출근시간,13.31107738998483,8.41268952622563,4.922966194268123,3.489723331957507,3.869992870846292,0.1926568786614745,0.1509746251307104,0.1527902445541043,0.1680106504276948
ST-72, 샛강역 1번출구 앞,출근시간,16.28604832424006,9.170526152634265,7.351987544120562,1.818538608513703,2.598213262971699,0.2405080108606087,0.09394133974708228,0.07944843202504144,0.1496694266480847
ST-3383,국회의사당 본관 좌측,출근시간,5.935294117647059,0.659711775852576,5.338962845017611,-4.679251069165035,4.7779058753444,0.07402056649691444,0.1916902185939403,0.2049940010129447,0.1472831142389308
ST-68, 시범아파트버스정류장 옆,출근시간,14.42371541501976,6.513471800196251,8.223025653314883,-1.709553853118632,2.905051305746934,0.2105531843405277,0.1077015711203467,0.07466551402287129,0.1422350049889241
ST-67, 여의도초교 앞,출근시간,7.369582992641047,5.722058172788025,1.524675091482473,4.197383081305552,4.197477221438684,0.09709048821575181,0.1656607455169478,0.1838466849002652,0.1418698304731329
ST-64, 여의도고교 앞,출근시간,11.1089527027027,5.698061528609753,5.706268467869998,-0.008206939260243334,4.566834945376785,0.1572366470495332,0.1822246881588762,0.0,0.1357845340833638
ST-2645, 국회소통관,출근시간,7.113738738738738,1.871167246369453,5.555372732581442,-3.684205486211989,3.693501628339751,0.0929753430642806,0.1430598297217725,0.1613253116220867,0.1266791314388386
ST-71, 앙카라공원 앞,출근시간,12.16039279869067,7.011809142501542,5.334637678715346,1.677171463786196,2.563289070654197,0.1741486102735322,0.09237515531158438,0.07324437661397461,0.1212583815568416
ST-2646, 국회도서관,출근시간,5.343390804597701,1.02348694439917,4.582468075981493,-3.558981131582323,3.845892049131475,0.06450005543722542,0.1498938175486969,0.1558297006267947,0.1169234893197278
ST-2647, 의정관,출근시간,4.863406408094435,1.201133785861698,4.072414134062908,-2.87128034820121,2.908109039065505,0.05677971217398973,0.1078386959617149,0.1256491818467453,0.0909771996236309
ST-3160, 여의도 삼부아파트,출근시간,11.39268292682927,5.716860230227062,5.892802823501084,-0.1759425932740212,1.265631343034304,0.1618003260782055,0.03418135895617556,0.007361266961420932,0.0798649274060366
ST-70, 롯데캐슬 앞,출근시간,9.518112889637742,4.644397106558823,4.974932160711437,-0.3305350541526142,1.752305265008673,0.131648670600387,0.05600637683574415,0.01414573017791078,0.07789116501003461
ST-2643, 국회의사당 본관,출근시간,5.12799167533819,1.716990340267704,3.621532907206484,-1.90454256693878,2.074370799484409,0.06103545277805505,0.07044948901198271,0.08322281202450137,0.06923853912091538
ST-1970,KBS 연구동 건너편,출근시간,6.68404255319149,2.887065662904294,4.20803943523594,-1.320973772331645,1.75098684470393,0.0860638641172661,0.05594725193624869,0.05761224215063975,0.06832689485153387
ST-45, 국회의원회관,출근시간,4.064638783269962,1.055687645781633,3.208065838307552,-2.152378192525919,2.268145049527087,0.04393187733575361,0.07913934536307803,0.0940993559127068,0.06804836026207402
ST-296, 초원아파트 앞,출근시간,5.833507853403141,2.328155152941678,3.740529335157534,-1.412374182215856,1.936112599933825,0.07238337806918581,0.06424926430105729,0.06162345146387083,0.06697774724087141
ST-3318,국회도서관 2문 앞,출근시간,2.971666666666667,0.3597924674025039,2.744298191998627,-2.384505724596123,2.425223682203219,0.02635188936365439,0.08618357726427966,0.1042865325312462,0.06587149315742286
ST-3377,의원회관 출입구 앞,출근시간,3.114882506527415,0.4519087383021539,2.814303664615032,-2.362394926312878,2.377255062495958,0.0286554547555974,0.08403241210933979,0.1033161753948933,0.06573838182495353
ST-3401,여의나루역 3번출구,출근시간,6.166172106824926,3.618739487968885,2.337346441328241,1.281393046640643,1.625237678814697,0.07773413998256133,0.05030799807456781,0.05587519769189692,0.06239189476123104
ST-69, 진주아파트상가 앞,출근시간,6.931002759889604,3.957165267274247,3.100255692239216,0.8569095750350302,1.48584751781001,0.09003611317777512,0.04405701025952011,0.03724626531868189,0.06108650243865447
ST-2813, 여의도 은하아파트,출근시간,4.589876033057851,3.006104142305271,1.697309495242409,1.308794647062863,1.785702987288423,0.0523800933455688,0.05750410632767038,0.05707774760332823,0.05536922938996132
ST-2694, 국회6문,출근시간,2.906412478336222,0.5919051234772381,2.468327966752117,-1.876422843274879,1.976624211392157,0.02530230371681881,0.06606601799277205,0.08198874647064867,0.05294507797796608
ST-425, 샛강생태공원방문자센터 앞,출근시간,6.009750812567714,3.624300194689221,2.717292964917045,0.907007229772175,1.261932899845086,0.07521817051742256,0.03401550131497753,0.03944485698262786,0.05158244012948561
ST-2648, 국회2문,출근시간,2.737957610789981,0.8238506015967835,2.14420874027074,-1.320358138673956,1.514975637739449,0.02259277938374805,0.04536326832997351,0.05758522437835198,0.03869946396115902
ST-297, 여의도중학교 옆,출근시간,4.09280303030303,2.43639464880042,1.720766019158053,0.7156286296423661,1.108117077912818,0.04438488717613573,0.02711759100531214,0.03104599286192737,0.03481018984496462
ST-414, 여의도 마리나선착장 앞,출근시간,3.207547169811321,1.277805227970543,2.055849785020852,-0.7780445570503092,1.229835153500611,0.03014592614203347,0.0325760695800285,0.03378518571270196,0.03184583543136518
ST-3319,국회박물관,출근시간,2.246153846153846,0.6304092959599521,1.601414247055683,-0.971004951095731,1.337345648329306,0.01468232665069405,0.03739740552167589,0.04225346863025419,0.02928258659499882
ST-3402,한강버스 여의도 선착장,출근시간,5.781954887218046,2.931153736578637,2.858670350666677,0.07248338591196118,0.5034245896007312,0.07155417070726647,0.0,0.002820843820693962,0.02918583704704538
ST-1969,국회3문,출근시간,3.963671128107074,2.06110551010519,2.185317709574174,-0.1242121994689841,1.018684040908524,0.04230785588418084,0.02310694333443562,0.005091020715580827,0.02718412383056275
ST-3375,여의도성당,출근시간,2.175257731958763,1.164731552636647,1.121826858354903,0.04290469428174357,1.414417179306617,0.01354199304484552,0.04085369825822022,0.001522749824281644,0.02206282648608262
ST-1971,여의도 순복음교회,출근시간,2.191244239631336,0.9970336898484651,1.393963779955085,-0.3969300901066199,1.069210780222031,0.01379912916783567,0.02537282802461979,0.01705955066195904,0.01908069300937399
ST-55, 유진투자증권빌딩 앞,퇴근시간,46.36750902527076,33.18595763297293,15.05765435495981,18.12830327801312,19.13505022511955,0.7243554112414906,0.8355400695623119,0.7952207138100135,0.7830023350835237
ST-47, 국민일보 앞,퇴근시간,40.33731343283582,29.5382463959029,12.93296868113836,16.60527771476454,19.19693779151828,0.6273623000961955,0.8383154334809202,0.7283810318946807,0.7319472998097826
ST-3315,우리은행 앞,퇴근시간,27.03914044512663,23.29088113214465,5.149100849441853,18.1417802827028,18.36457891476871,0.4134668881058498,0.8009880844140562,0.7958121672487255,0.6449444224577076
ST-66, NH농협은행 앞,퇴근시간,34.47326589595376,24.850507015081,10.37077945201846,14.47972756306254,14.97349708734892,0.5330416092019171,0.6489141429662235,0.6350988838709696,0.5998020776414502
ST-3239,LG트윈타워 앞,퇴근시간,33.84678624813154,24.2068719707749,12.20405665190894,12.00281531886597,13.83788689976371,0.5229649526192158,0.5979874104474163,0.5263968170578787,0.5536603086382286
ST-73, 여의나루역 1번출구 앞,퇴근시간,63.50471356055112,33.9213360208714,34.88176353551847,-0.9604275146470606,6.321109851015479,1.0,0.2608955999388164,0.04178926598995131,0.5127160931735169
ST-53, KBS 앞,퇴근시간,26.81592787377911,19.77351487769836,8.227459659513093,11.54605521818527,12.18790154744832,0.4098766095800757,0.5239933906544137,0.5063513886830627,0.4748182778304084
ST-60, 금융감독원 앞,퇴근시간,17.56639566395664,15.98257014938612,2.390823744540369,13.59174640484575,13.77475772251874,0.2611018489745012,0.5951563661693413,0.5961288366214526,0.4617290533818275
ST-3397,한국산업은행,퇴근시간,18.01162790697675,14.53468229562315,2.28501662711174,12.24966566851141,12.3509456255873,0.2682632187461375,0.5313051444999968,0.5372301210083372,0.4272733695001212
ST-52, 산업은행 앞,퇴근시간,22.20778210116731,16.85505046165454,7.119412908160099,9.73563755349444,10.96832066308867,0.3357565601977006,0.4693009705248402,0.4268991826519777,0.4074028488194119
ST-3402,한강버스 여의도 선착장,퇴근시간,50.54822335025381,23.94440490263776,23.72066165862826,0.2237432440095045,4.54169029466192,0.7916004090154469,0.1810970697954326,0.009459052033190056,0.3909708019309899
ST-2814, 63스퀘어,퇴근시간,21.36923076923077,14.68025272942713,7.520002960532682,7.160249768894444,8.651160107490425,0.322268821484616,0.3653873062163049,0.3138754065020021,0.3378375323807688
ST-3061, 여의도역2번출구 앞,퇴근시간,19.71947449768161,13.65762353990099,7.054564439792848,6.603059100108139,7.059646767496058,0.2957331990564216,0.2940154789360704,0.2894224702108797,0.2937839652391728
ST-62, 롯데캐슬엠파이어 옆,퇴근시간,22.13308823529412,14.39214136055041,8.615994598593161,5.776146761957246,6.242682000275377,0.3345551413840887,0.2573784826917801,0.2531324964983052,0.2873999489300085
ST-51, 국회의사당역 3번출구 옆,퇴근시간,22.67525370804059,14.56040875405676,9.073490473665736,5.486918280391028,5.989476031002519,0.3432756406035853,0.2460233955234056,0.2404393807849312,0.2838074906077826
ST-59, KT앞,퇴근시간,15.61491160645657,10.98444556488938,5.138118053251516,5.846327511637862,6.104648871356669,0.2297130644506901,0.251188351331542,0.2562124572674642,0.2436030577663857
ST-2644,국회제2의원회관,퇴근시간,8.781390134529149,8.302958338109525,0.7494237439584881,7.553534594151037,7.57240409162917,0.1197988008948072,0.3170102137303343,0.3311351513523829,0.2409506361205332
ST-46, 진미파라곤 앞,퇴근시간,17.36587240584166,11.85575696526463,7.070222888134853,4.78553407712978,5.37141435073077,0.2578765183258631,0.2183062596475335,0.2096583498044488,0.2324047811502484
ST-424, 증권거래소후문교차로,퇴근시간,13.47971918876755,10.1082721620103,4.126726519557247,5.981545642453056,6.113726581951947,0.1953694097033524,0.2515954436105853,0.2621466563189861,0.2312152725893724
ST-72, 샛강역 1번출구 앞,퇴근시간,23.32989690721649,13.00120960833035,11.42822436901464,1.572985239315709,3.698853607477375,0.353805295836964,0.1432998406101633,0.06867204751352715,0.2125764640815564
ST-3401,여의나루역 3번출구,퇴근시간,25.25,12.16066244399825,13.03925850008643,-0.8785960560881863,3.296633507304973,0.3846893309953617,0.1252621762081515,0.03819800081835668,0.2116202030450766
ST-50, 국회의사당역 5번출구 옆,퇴근시간,14.26155050900548,10.00310464403632,5.070805257882967,4.932299386153357,5.1455253231751,0.2079448313423859,0.2081762077943329,0.2160993096990532,0.2096682775944982
ST-70, 롯데캐슬 앞,퇴근시간,21.13933236574746,11.70158043618608,10.19938589798649,1.502194538199585,3.357578036507084,0.3185710042149479,0.1279952493798182,0.06556531834276219,0.1917395651064589
ST-63, 미성아파트 A동 앞,퇴근시간,13.93928035982009,9.492965506904719,5.234781909271145,4.258183597633574,4.526581251930178,0.2027612541400206,0.1804195008670921,0.186514983627297,0.1905752987283045
ST-67, 여의도초교 앞,퇴근시간,18.35824175824176,8.466758982485556,10.76046640684927,-2.293707424363709,3.859580070113218,0.2738383539610586,0.1505076603891977,0.1003017474741638,0.1897987552349353
ST-3160, 여의도 삼부아파트,퇴근시간,19.29029905178702,11.11341687958521,9.088126389056569,2.025290490528645,2.965248550070009,0.2888300959834951,0.1104011321083732,0.0885219698321148,0.1773968852031703
ST-68, 시범아파트버스정류장 옆,퇴근시간,16.7555720653789,9.761191417486414,7.634515121682234,2.126676295804181,3.471259898376491,0.2480600989664681,0.1330933418722554,0.09297139940103967,0.1710556562156973
ST-2899, KRX한국거래소(1),퇴근시간,10.52303961196443,7.654867204493575,3.619689593159813,4.035177611333762,4.639632738572117,0.1478124861478942,0.1854893240194452,0.1767281162567315,0.1686663473182821
ST-71, 앙카라공원 앞,퇴근시간,16.98888065233506,9.164958316347061,8.744862533861959,0.4200957824851014,3.292423120905158,0.2518127675754566,0.1250733603412913,0.01807620300666656,0.1543696917680325
ST-297, 여의도중학교 옆,퇴근시간,17.73152081563297,9.381276399236487,10.6384025572392,-1.257126158002712,2.341070974608641,0.2637578162551509,0.08240972733121812,0.05481021811652163,0.149429061057852
ST-64, 여의도고교 앞,퇴근시간,15.49116064565719,8.040071676579732,9.202541756408753,-1.162470079829021,2.274286616707306,0.2277225832944553,0.07941476553141799,0.05065613015558976,0.1329861655614673
ST-1970,KBS 연구동 건너편,퇴근시간,6.774122807017544,5.647961523154962,2.013305636738067,3.634655886416896,3.791057619442639,0.08751276638542933,0.1474347533697088,0.1591507719628364,0.1258091622946226
ST-296, 초원아파트 앞,퇴근시간,11.96101694915254,7.418607814161847,5.984495748653052,1.434112065508794,2.809675656746841,0.170941735199994,0.1034244254778232,0.06257744280838477,0.1222619528328038
ST-3383,국회의사당 본관 좌측,퇴근시간,4.969613259668508,4.433108894363599,0.4325128363308251,4.000596058032774,4.022898766948722,0.05848800385395434,0.1578317295812397,0.1752104660750458,0.1215699865890868
ST-2646, 국회도서관,퇴근시간,6.916013437849944,5.35201812292723,2.042388427595908,3.309629695331322,3.350412622155617,0.08979501635822763,0.1276739145203278,0.1448866336906108,0.1159648990895443
ST-2643, 국회의사당 본관,퇴근시간,5.640610104861773,4.678595707895785,1.24395496754697,3.434640740348815,3.475216789159293,0.06928070047321827,0.1332707896626194,0.1503728833547662,0.1110951727252883
ST-425, 샛강생태공원방문자센터 앞,퇴근시간,6.99911426040744,5.096553258867133,2.754615037375518,2.341938221491614,2.510561482245518,0.0911316574663032,0.09001057297461142,0.1024184100019259,0.09294057417675104
ST-2694, 국회6문,퇴근시간,8.178861788617887,5.196372914987736,3.949162819725528,1.247210095262208,2.502385328845931,0.1101073907361586,0.08964391126114181,0.05437504060182907,0.090775528919286
ST-2647, 의정관,퇴근시간,3.972140762463343,3.676042355719333,0.6620316043920702,3.014010751327263,3.07509584980712,0.04244408632213019,0.1153272626704111,0.1319130653788404,0.08949115267278461
ST-69, 진주아파트상가 앞,퇴근시간,10.75346687211094,5.949851432221393,5.621031197864591,0.3288202343568021,1.563539687114503,0.1515188098502854,0.04754113568233726,0.01407047339138008,0.08243807289132508
ST-2645, 국회소통관,퇴근시간,5.131258457374831,3.833447790069079,1.659450888318209,2.17399690175087,2.249356689462783,0.06108799756674564,0.07829677649752699,0.09504811716982824,0.0747635330596747
ST-3318,국회도서관 2문 앞,퇴근시간,3.938129496402878,3.326080700161514,0.8757017408773144,2.4503789592842,2.513825806555185,0.04189702968712926,0.09015696244239749,0.1071774531825672,0.07425708748832414
ST-45, 국회의원회관,퇴근시간,3.307262569832402,3.053596912643147,0.5610667906709118,2.492530121972235,2.580609054866577,0.03174980560645346,0.0931518744823497,0.1090273041466051,0.07176613286484228
ST-3377,의원회관 출입구 앞,퇴근시간,3.478672985781991,2.939240232861441,0.6657067420549945,2.273533490806447,2.339416333767255,0.03450686866863954,0.0823355245348139,0.09941639181468795,0.06662023564431896
ST-1971,여의도 순복음교회,퇴근시간,8.332254584681769,4.817098561633673,4.680465380174388,0.136633181459284,1.575413089286902,0.1125746481060815,0.04807360147309228,0.005636129415881891,0.06538652571484589
ST-414, 여의도 마리나선착장 앞,퇴근시간,6.48180924287119,4.143403818977393,3.028043363445738,1.115360455531655,1.666312133156553,0.0828110280119521,0.0521499926009393,0.04858867155268199,0.06370214255569297
ST-2648, 국회2문,퇴근시간,3.506382978723404,2.967263071214333,0.9370674842939708,2.030195586920362,2.139484811693293,0.03495257202668213,0.07336954372727149,0.08873723547866577,0.0610762933973146
ST-3319,국회박물관,퇴근시간,2.60790273556231,2.572998618935308,0.4524994145549774,2.12049920438033,2.208973310105035,0.02050090246622814,0.07648577340752237,0.0927003108284674,0.05733473251519369
ST-2813, 여의도 은하아파트,퇴근시간,6.818858560794045,3.540520993287001,3.888147222706417,-0.3476262294194156,1.077119710214866,0.08823232180808531,0.02572750603531247,0.01489579553857063,0.04856309024507324
ST-3375,여의도성당,퇴근시간,3.511111111111111,2.393673679839647,1.201546613075656,1.192127066763991,1.634651598596556,0.03502862200933375,0.05073016774152338,0.05195766022910508,0.04469504794616387
ST-57, 여의도역 4번출구 옆,퇴근시간,2.0,0.0,1.516888695809246,-1.516888695809246,1.516888695809246,0.01072304755387768,0.04544905991380973,0.06621018790000623,0.03571088056707621
ST-1969,국회3문,퇴근시간,4.235783633841886,2.698009525848983,2.158954105908763,0.5390554199402202,1.11841550889002,0.04668466889267965,0.02757942680554795,0.0232968798752174,0.03436501425433452
