시간대그룹,기상조건,기상조건_평균출발건수,기상조건_평균도착건수,기상조건_평균총이용건수,기상조건_평균순유출량,표본수,시간대_평균출발건수,시간대_평균도착건수,시간대_평균총이용건수,시간대_평균순유출량,대여수요_날씨보정계수,반납수요_날씨보정계수,총이용_날씨보정계수
낮시간,고온_강한비_높음_강풍_눈없음,2.897115384615385,2.722115384615384,5.619230769230769,0.175,1040,5.600765333620783,5.259739139808127,10.86050447342891,0.341026193812655,0.5172713391907919,0.5175380969016433,0.5174005298721311
낮시간,고온_강한비_높음_보통_눈없음,3.819559228650138,3.539944903581267,7.359504132231405,0.2796143250688705,1452,5.600765333620783,5.259739139808127,10.86050447342891,0.341026193812655,0.6819709452423834,0.6730267052199099,0.6776392524156698
낮시간,고온_강한비_높음_약풍_눈없음,3.015151515151515,3.345959595959596,6.361111111111111,-0.3308080808080808,396,5.600765333620783,5.259739139808127,10.86050447342891,0.341026193812655,0.538346339392563,0.6361455401154467,0.585710463696606
낮시간,고온_강한비_보통_강풍_눈없음,3.948717948717949,3.991452991452991,7.94017094017094,-0.04273504273504274,234,5.600765333620783,5.259739139808127,10.86050447342891,0.341026193812655,0.7050318507390814,0.7588690019327836,0.7311051673149439
낮시간,고온_강한비_보통_약풍_눈없음,6.476868327402135,5.676156583629894,12.15302491103203,0.800711743772242,281,5.600765333620783,5.259739139808127,10.86050447342891,0.341026193812655,1.156425585003928,1.07917074074456,1.119011086525987
낮시간,고온_비없음_낮음_강풍_눈없음,7.193740685543964,6.598254204811582,13.79199489035555,0.5954864807323824,4697,5.600765333620783,5.259739139808127,10.86050447342891,0.341026193812655,1.284421013385568,1.254483165310035,1.269922122319342
낮시간,고온_비없음_낮음_보통_눈없음,6.411893241766817,5.914936787888247,12.32683002965507,0.4969564538785703,6407,5.600765333620783,5.259739139808127,10.86050447342891,0.341026193812655,1.144824476625886,1.124568468257538,1.135014497697933
낮시간,고온_비없음_낮음_약풍_눈없음,7.701785714285714,7.496428571428571,15.19821428571429,0.2053571428571428,560,5.600765333620783,5.259739139808127,10.86050447342891,0.341026193812655,1.375130942918236,1.425247217051536,1.399402239822094
낮시간,고온_비없음_높음_강풍_눈없음,5.339784946236559,4.989964157706093,10.32974910394265,0.3498207885304659,1395,5.600765333620783,5.259739139808127,10.86050447342891,0.341026193812655,0.9534027276919483,0.9487094369262055,0.9511297683468761
낮시간,고온_비없음_높음_보통_눈없음,5.115421920465567,5.066925315227934,10.1823472356935,0.04849660523763336,1031,5.600765333620783,5.259739139808127,10.86050447342891,0.341026193812655,0.9133433764414746,0.9633415613483776,0.9375574827675294
낮시간,고온_비없음_높음_약풍_눈없음,5.939242315939957,5.476769120800572,11.41601143674053,0.4624731951393853,1399,5.600765333620783,5.259739139808127,10.86050447342891,0.341026193812655,1.06043405894679,1.041262498999211,1.051149278071816
낮시간,고온_비없음_보통_강풍_눈없음,6.157569360675513,5.713057901085645,11.87062726176116,0.4445114595898673,6632,5.600765333620783,5.259739139808127,10.86050447342891,0.341026193812655,1.099415703727542,1.086186548273201,1.093008827610503
낮시간,고온_비없음_보통_보통_눈없음,6.049823460180463,5.752975022884791,11.80279848306525,0.2968484372956715,7647,5.600765333620783,5.259739139808127,10.86050447342891,0.341026193812655,1.080177993508143,1.093775731070697,1.08676337383238
낮시간,고온_비없음_보통_약풍_눈없음,7.693043798306956,6.946632315053368,14.63967611336032,0.7464114832535885,2717,5.600765333620783,5.259739139808127,10.86050447342891,0.341026193812655,1.373570099808763,1.320718030002297,1.347973857860605
낮시간,고온_약한비_높음_강풍_눈없음,4.107758620689655,3.577586206896552,7.685344827586207,0.5301724137931034,232,5.600765333620783,5.259739139808127,10.86050447342891,0.341026193812655,0.7334280899132175,0.680183201448097,0.7076416060035715
낮시간,고온_약한비_높음_보통_눈없음,3.228826151560178,2.921248142644874,6.150074294205052,0.3075780089153046,673,5.600765333620783,5.259739139808127,10.86050447342891,0.341026193812655,0.5764973104975293,0.5553979132796762,0.56627887859645
낮시간,저온_강한비_높음_강풍_눈없음,2.907368421052631,2.526315789473684,5.433684210526316,0.3810526315789474,475,5.600765333620783,5.259739139808127,10.86050447342891,0.341026193812655,0.5191019883657714,0.4803119931088147,0.5003160050088149
낮시간,저온_강한비_높음_강풍_눈있음,1.637096774193548,1.508064516129032,3.145161290322581,0.1290322580645161,124,5.600765333620783,5.259739139808127,10.86050447342891,0.341026193812655,0.2922987621649197,0.2867184999186187,0.2895962427912505
낮시간,저온_강한비_높음_보통_눈없음,1.121794871794872,1.314102564102564,2.435897435897436,-0.1923076923076923,156,5.600765333620783,5.259739139808127,10.86050447342891,0.341026193812655,0.2002931394145117,0.2498417752615963,0.2242895292623886
낮시간,저온_강한비_높음_약풍_눈없음,1.051282051282051,1.115384615384615,2.166666666666667,-0.0641025641025641,78,5.600765333620783,5.259739139808127,10.86050447342891,0.341026193812655,0.1877032849370281,0.2120608238805744,0.1994996339228614
낮시간,저온_강한비_보통_보통_눈없음,2.196629213483146,2.47191011235955,4.668539325842697,-0.2752808988764045,178,5.600765333620783,5.259739139808127,10.86050447342891,0.341026193812655,0.3922016157857964,0.4699681955044113,0.4298639475969694
낮시간,저온_비없음_낮음_강풍_눈없음,3.79349199663016,3.591301600673968,7.384793597304128,0.2021903959561921,9496,5.600765333620783,5.259739139808127,10.86050447342891,0.341026193812655,0.6773167184595723,0.6827908200795252,0.6799678242729529
낮시간,저온_비없음_낮음_강풍_눈있음,2.347290640394089,2.321428571428572,4.66871921182266,0.02586206896551724,812,5.600765333620783,5.259739139808127,10.86050447342891,0.341026193812655,0.4191017656646957,0.441358118667698,0.4298805109141158
낮시간,저온_비없음_낮음_보통_눈없음,4.132361189007291,3.764628902598616,7.896990091605907,0.3677322864086745,5349,5.600765333620783,5.259739139808127,10.86050447342891,0.341026193812655,0.7378208053462226,0.7157444128942007,0.7271292149390042
낮시간,저온_비없음_낮음_보통_눈있음,2.150081566068515,2.115823817292006,4.265905383360522,0.03425774877650897,613,5.600765333620783,5.259739139808127,10.86050447342891,0.341026193812655,0.3838906717197756,0.4022678237554554,0.3927907210753791
낮시간,저온_비없음_낮음_약풍_눈없음,3.296995708154506,2.941630901287553,6.23862660944206,0.3553648068669528,1165,5.600765333620783,5.259739139808127,10.86050447342891,0.341026193812655,0.5886687821685728,0.5592731546368785,0.5744324883531292
낮시간,저온_비없음_높음_보통_눈없음,3.333955223880597,3.102611940298508,6.436567164179104,0.2313432835820896,536,5.600765333620783,5.259739139808127,10.86050447342891,0.341026193812655,0.5952677938258238,0.5898794327681599,0.5926582121416808
낮시간,저온_비없음_높음_보통_눈있음,3.232067510548523,3.194092827004219,6.426160337552743,0.0379746835443038,237,5.600765333620783,5.259739139808127,10.86050447342891,0.341026193812655,0.5770760455087762,0.6072720988822153,0.591699985325254
낮시간,저온_비없음_높음_약풍_눈없음,3.623076923076923,3.542307692307692,7.165384615384616,0.08076923076923077,260,5.600765333620783,5.259739139808127,10.86050447342891,0.341026193812655,0.6468896136976117,0.6734759268758933,0.6597653573934157
낮시간,저온_비없음_보통_강풍_눈없음,3.961480362537764,3.695619335347432,7.657099697885196,0.2658610271903323,1324,5.600765333620783,5.259739139808127,10.86050447342891,0.341026193812655,0.7073105417856789,0.7026240726231617,0.7050408861410536
낮시간,저온_비없음_보통_강풍_눈있음,2.140532544378698,2.133136094674556,4.273668639053255,0.007396449704142011,676,5.600765333620783,5.259739139808127,10.86050447342891,0.341026193812655,0.382185722285009,0.4055592944771728,0.3935055364609559
낮시간,저온_비없음_보통_보통_눈없음,3.831972496776966,3.633433605500644,7.465406102277611,0.1985388912763214,2327,5.600765333620783,5.259739139808127,10.86050447342891,0.341026193812655,0.684187297363461,0.6908011041842638,0.6873903620722519
낮시간,저온_비없음_보통_보통_눈있음,2.308411214953271,2.355140186915888,4.663551401869159,-0.04672897196261682,214,5.600765333620783,5.259739139808127,10.86050447342891,0.341026193812655,0.4121599598355122,0.4477674889028436,0.4294046757476975
낮시간,저온_비없음_보통_약풍_눈없음,3.530821917808219,3.253424657534246,6.784246575342466,0.2773972602739726,292,5.600765333620783,5.259739139808127,10.86050447342891,0.341026193812655,0.6304177567685404,0.6185524740021479,0.6246714037953454
낮시간,저온_비없음_보통_약풍_눈있음,2.393203883495146,2.519417475728155,4.912621359223301,-0.1262135922330097,206,5.600765333620783,5.259739139808127,10.86050447342891,0.341026193812655,0.4272994387265262,0.4790004615742336,0.4523382289692362
낮시간,저온_약한비_높음_보통_눈없음,1.803921568627451,1.808823529411765,3.612745098039216,-0.004901960784313725,408,5.600765333620783,5.259739139808127,10.86050447342891,0.341026193812655,0.3220848332635375,0.3438998553600796,0.3326498420840472
낮시간,저온_약한비_높음_보통_눈있음,2.17989417989418,2.264550264550265,4.444444444444445,-0.08465608465608465,189,5.600765333620783,5.259739139808127,10.86050447342891,0.341026193812655,0.3892136252894784,0.4305442160450707,0.4092300183033055
낮시간,저온_약한비_높음_약풍_눈있음,1.845714285714286,1.611428571428571,3.457142857142857,0.2342857142857143,175,5.600765333620783,5.259739139808127,10.86050447342891,0.341026193812655,0.3295467986552953,0.3063704356044082,0.3183224928087855
낮시간,저온_약한비_보통_강풍_눈없음,2.678304239401496,3.0,5.678304239401497,-0.3216957605985037,401,5.600765333620783,5.259739139808127,10.86050447342891,0.341026193812655,0.4782032597087988,0.5703704918167174,0.5228398232599526
낮시간,저온_약한비_보통_강풍_눈있음,1.57037037037037,1.518518518518519,3.088888888888889,0.05185185185185185,135,5.600765333620783,5.259739139808127,10.86050447342891,0.341026193812655,0.280384961130867,0.2887060514134002,0.2844148627207974
낮시간,적정_강한비_높음_강풍_눈없음,2.156934306569343,2.338199513381995,4.495133819951338,-0.1812652068126521,822,5.600765333620783,5.259739139808127,10.86050447342891,0.341026193812655,0.3851142081639275,0.4445466688044327,0.4138973314682611
낮시간,적정_강한비_높음_보통_눈없음,1.048780487804878,1.073170731707317,2.121951219512195,-0.02439024390243903,123,5.600765333620783,5.259739139808127,10.86050447342891,0.341026193812655,0.1872566382149888,0.204034972682403,0.1953823806899318
낮시간,적정_강한비_높음_약풍_눈없음,2.475262368815592,2.307346326836582,4.782608695652174,0.1679160419790105,667,5.600765333620783,5.259739139808127,10.86050447342891,0.341026193812655,0.4419507373317111,0.4386807530764258,0.4403670849133396
낮시간,적정_비없음_낮음_강풍_눈없음,7.633536585365854,7.259349593495935,14.89288617886179,0.3741869918699187,9840,5.600765333620783,5.259739139808127,10.86050447342891,0.341026193812655,1.362945263845026,1.380172932637255,1.371288618802047
낮시간,적정_비없음_낮음_보통_눈없음,8.086615716245346,7.613756613756614,15.70037233000196,0.4728591024887321,5103,5.600765333620783,5.259739139808127,10.86050447342891,0.341026193812655,1.44384119572057,1.447554034787048,1.445639322594468
낮시간,적정_비없음_낮음_약풍_눈없음,6.41980198019802,5.72,12.13980198019802,0.6998019801980198,2525,5.600765333620783,5.259739139808127,10.86050447342891,0.341026193812655,1.146236558361167,1.087506404397208,1.117793561974861
낮시간,적정_비없음_높음_강풍_눈없음,5.88379705400982,5.20949263502455,11.09328968903437,0.67430441898527,611,5.600765333620783,5.259739139808127,10.86050447342891,0.341026193812655,1.05053447226043,0.99044695878484,1.021434107059666
낮시간,적정_비없음_높음_보통_눈없음,6.136065573770492,6.131147540983607,12.2672131147541,0.004918032786885246,610,5.600765333620783,5.259739139808127,10.86050447342891,0.341026193812655,1.095576266503501,1.165675212783893,1.129525165683308
낮시간,적정_비없음_높음_약풍_눈없음,7.878246753246753,7.217532467532467,15.09577922077922,0.6607142857142857,616,5.600765333620783,5.259739139808127,10.86050447342891,0.341026193812655,1.406637536829922,1.372222514403207,1.389970351534981
낮시간,적정_비없음_보통_강풍_눈없음,6.111111111111111,6.015748031496063,12.12685914260717,0.09536307961504811,2286,5.600765333620783,5.259739139808127,10.86050447342891,0.341026193812655,1.091120721381912,1.14373505445662,1.116601827500417
낮시간,적정_비없음_보통_강풍_눈있음,3.300724637681159,3.231884057971015,6.532608695652174,0.06884057971014493,276,5.600765333620783,5.259739139808127,10.86050447342891,0.341026193812655,0.5893345714499534,0.6144570998798454,0.6015014046202661
낮시간,적정_비없음_보통_보통_눈없음,6.977241939853698,6.648604714169601,13.6258466540233,0.3286372256840964,3691,5.600765333620783,5.259739139808127,10.86050447342891,0.341026193812655,1.245765805964067,1.264055980238621,1.254623732015398
낮시간,적정_비없음_보통_약풍_눈없음,7.101077050538525,6.444076222038111,13.54515327257664,0.6570008285004143,1207,5.600765333620783,5.259739139808127,10.86050447342891,0.341026193812655,1.267876196831804,1.225170308022764,1.247193747372963
낮시간,적정_약한비_낮음_강풍_눈없음,4.875,6.130434782608695,11.0054347826087,-1.255434782608696,184,5.600765333620783,5.259739139808127,10.86050447342891,0.341026193812655,0.8704167572842068,1.165539700668944,1.013344712442628
낮시간,적정_약한비_높음_강풍_눈없음,3.465818759936407,3.284578696343402,6.750397456279809,0.1812400635930048,629,5.600765333620783,5.259739139808127,10.86050447342891,0.341026193812655,0.6188116361761268,0.6244755888146997,0.621554686782294
낮시간,적정_약한비_높음_보통_눈없음,4.227743271221532,4.043478260869565,8.271221532091097,0.1842650103519669,483,5.600765333620783,5.259739139808127,10.86050447342891,0.341026193812655,0.7548509925675426,0.7687602281007931,0.7615872312678752
낮시간,적정_약한비_보통_보통_눈없음,3.527918781725888,4.370558375634518,7.898477157360406,-0.8426395939086294,197,5.600765333620783,5.259739139808127,10.86050447342891,0.341026193812655,0.6298994104516711,0.8309458434081113,0.7272661391268389
낮시간,적정_약한비_보통_약풍_눈없음,3.868327402135231,3.725978647686833,7.594306049822064,0.1423487544483986,281,5.600765333620783,5.259739139808127,10.86050447342891,0.341026193812655,0.6906783576369616,0.7083960912599089,0.6992590508481571
심야,고온_강한비_높음_강풍_눈없음,1.173913043478261,1.416149068322981,2.590062111801242,-0.2422360248447205,322,1.527872031022782,1.607367910809501,3.135239941832283,-0.07949587978671838,0.768332045905981,0.8810360458233747,0.826112884453612
심야,고온_강한비_높음_보통_눈없음,0.9482758620689655,1.353448275862069,2.301724137931035,-0.4051724137931034,116,1.527872031022782,1.607367910809501,3.135239941832283,-0.07949587978671838,0.6206513653071941,0.8420276818767938,0.7341460879022456
심야,고온_강한비_높음_약풍_눈없음,1.111111111111111,1.050925925925926,2.162037037037037,0.06018518518518518,216,1.527872031022782,1.607367910809501,3.135239941832283,-0.07949587978671838,0.7272278623801466,0.6538179086806951,0.6895922089374471
심야,고온_비없음_낮음_강풍_눈없음,1.899543378995434,1.97716894977169,3.876712328767123,-0.0776255707762557,219,1.527872031022782,1.607367910809501,3.135239941832283,-0.07949587978671838,1.243260783904689,1.230066207291615,1.236496217415983
심야,고온_비없음_높음_강풍_눈없음,1.682758620689655,1.937931034482759,3.620689655172414,-0.2551724137931035,435,1.527872031022782,1.607367910809501,3.135239941832283,-0.07949587978671838,1.101374059163312,1.205654922840148,1.154836542767577
심야,고온_비없음_높음_보통_눈없음,1.700707785642063,1.799797775530839,3.500505561172902,-0.09908998988877654,989,1.527872031022782,1.607367910809501,3.135239941832283,-0.07949587978671838,1.113121878737175,1.119717373618854,1.116503242532421
심야,고온_비없음_높음_약풍_눈없음,1.70770593445527,1.840566873339238,3.548272807794508,-0.1328609388839681,3387,1.527872031022782,1.607367910809501,3.135239941832283,-0.07949587978671838,1.117702202659017,1.145081260464068,1.13173883773656
심야,고온_비없음_보통_보통_눈없음,1.435331230283912,1.750788643533123,3.186119873817035,-0.3154574132492113,317,1.527872031022782,1.607367910809501,3.135239941832283,-0.07949587978671838,0.9394315761661515,1.089227072258393,1.016228401311772
심야,고온_비없음_보통_약풍_눈없음,1.970178926441352,1.878727634194831,3.848906560636183,0.09145129224652088,1006,1.527872031022782,1.607367910809501,3.135239941832283,-0.07949587978671838,1.289492108264121,1.168822409331706,1.227627432682814
심야,고온_약한비_높음_보통_눈없음,1.287671232876712,1.212328767123288,2.5,0.07534246575342465,146,1.527872031022782,1.607367910809501,3.135239941832283,-0.07949587978671838,0.8427873583200055,0.7542322818381612,0.797387136672851
심야,고온_약한비_높음_약풍_눈없음,1.58974358974359,1.743589743589744,3.333333333333333,-0.1538461538461539,195,1.527872031022782,1.607367910809501,3.135239941832283,-0.07949587978671838,1.040495249251594,1.084748383903993,1.063182848897135
심야,저온_강한비_높음_강풍_눈있음,0.6666666666666666,1.0,1.666666666666667,-0.3333333333333333,15,1.527872031022782,1.607367910809501,3.135239941832283,-0.07949587978671838,0.4363367174280879,0.6221351025331725,0.5315914244485673
심야,저온_강한비_높음_보통_눈있음,0.6666666666666666,1.222222222222222,1.888888888888889,-0.5555555555555556,18,1.527872031022782,1.607367910809501,3.135239941832283,-0.07949587978671838,0.4363367174280879,0.7603873475405443,0.6024702810417096
심야,저온_강한비_높음_약풍_눈없음,1.681818181818182,1.136363636363636,2.818181818181818,0.5454545454545454,44,1.527872031022782,1.607367910809501,3.135239941832283,-0.07949587978671838,1.100758537148131,0.7069717074240597,0.8988727722493957
심야,저온_강한비_높음_약풍_눈있음,0.7894736842105263,1.131578947368421,1.921052631578947,-0.3421052631578947,38,1.527872031022782,1.607367910809501,3.135239941832283,-0.07949587978671838,0.51671453379642,0.7039949844454321,0.6127290629170328
심야,저온_비없음_낮음_강풍_눈없음,1.12396694214876,1.210743801652893,2.334710743801653,-0.08677685950413223,484,1.527872031022782,1.607367910809501,3.135239941832283,-0.07949587978671838,0.7356420690523136,0.7532462191827254,0.7446673259837369
심야,저온_비없음_낮음_보통_눈없음,1.177101967799642,1.243291592128801,2.420393559928444,-0.06618962432915922,559,1.527872031022782,1.607367910809501,3.135239941832283,-0.07949587978671838,0.7704192130617581,0.7734953421476832,0.7719962761491002
심야,저온_비없음_낮음_보통_눈있음,1.203125,1.3125,2.515625,-0.109375,64,1.527872031022782,1.607367910809501,3.135239941832283,-0.07949587978671838,0.7874514197335025,0.8165523220747889,0.8023708062770563
심야,저온_비없음_낮음_약풍_눈없음,1.221966205837174,1.356374807987711,2.578341013824885,-0.1344086021505376,1302,1.527872031022782,1.607367910809501,3.135239941832283,-0.07949587978671838,0.7997830845945714,0.8438483802408469,0.8223743833520002
심야,저온_비없음_낮음_약풍_눈있음,0.9285714285714286,0.6785714285714286,1.607142857142857,0.25,28,1.527872031022782,1.607367910809501,3.135239941832283,-0.07949587978671838,0.6077547135605511,0.4221631052903671,0.5126060164325471
심야,저온_비없음_높음_강풍_눈없음,1.385245901639344,1.270491803278688,2.655737704918033,0.1147540983606557,122,1.527872031022782,1.607367910809501,3.135239941832283,-0.07949587978671838,0.9066504743280352,0.790417548300342,0.8470604337114875
심야,저온_비없음_높음_보통_눈없음,1.262541806020067,1.270903010033445,2.533444816053512,-0.008361204013377926,598,1.527872031022782,1.607367910809501,3.135239941832283,-0.07949587978671838,0.8263400208817886,0.7906733744568748,0.8080545231166348
심야,저온_비없음_높음_보통_눈있음,1.153846153846154,1.038461538461539,2.192307692307693,0.1153846153846154,26,1.527872031022782,1.607367910809501,3.135239941832283,-0.07949587978671838,0.755198164779383,0.6460633757075254,0.6992471813900386
심야,저온_비없음_높음_약풍_눈없음,1.336783733826248,1.35083179297597,2.687615526802218,-0.01404805914972274,2705,1.527872031022782,1.607367910809501,3.135239941832283,-0.07949587978671838,0.8749317394935117,0.8403998760281746,0.8572280197577266
심야,저온_비없음_높음_약풍_눈있음,1.142857142857143,1.010582010582011,2.153439153439153,0.1322751322751323,189,1.527872031022782,1.607367910809501,3.135239941832283,-0.07949587978671838,0.7480058013052936,0.6287185427716189,0.6868498722240218
심야,저온_비없음_보통_강풍_눈없음,1.140664961636829,1.273657289002557,2.414322250639386,-0.1329923273657289,391,1.527872031022782,1.607367910809501,3.135239941832283,-0.07949587978671838,0.7465710075687746,0.7923869080857286,0.7700598025771572
심야,저온_비없음_보통_보통_눈없음,1.246312684365782,1.392330383480826,2.638643067846608,-0.1460176991150443,678,1.527872031022782,1.607367910809501,3.135239941832283,-0.07949587978671838,0.8157179783777307,0.8662176058868951,0.8416080162287494
심야,저온_비없음_보통_보통_눈있음,1.025,1.11875,2.14375,-0.09375,160,1.527872031022782,1.607367910809501,3.135239941832283,-0.07949587978671838,0.6708677030456852,0.6960136459589867,0.6837594696969697
심야,저온_비없음_보통_약풍_눈없음,1.290933694181326,1.406968876860623,2.697902571041948,-0.1160351826792963,2956,1.527872031022782,1.607367910809501,3.135239941832283,-0.07949587978671838,0.8449226558045925,0.8753247264666659,0.8605091224581848
심야,저온_비없음_보통_약풍_눈있음,1.21,1.13,2.34,0.08,100,1.527872031022782,1.607367910809501,3.135239941832283,-0.07949587978671838,0.7919511421319796,0.7030126658624849,0.7463543599257885
심야,저온_약한비_높음_강풍_눈없음,0.7346938775510204,1.326530612244898,2.061224489795918,-0.5918367346938775,49,1.527872031022782,1.607367910809501,3.135239941832283,-0.07949587978671838,0.4808608722676888,0.8252812584623717,0.6574375575833301
심야,저온_약한비_높음_강풍_눈있음,1.75,1.25,3.0,0.5,24,1.527872031022782,1.607367910809501,3.135239941832283,-0.07949587978671838,1.145383883248731,0.7776688781664657,0.9568645640074211
심야,저온_약한비_높음_보통_눈없음,1.347826086956522,1.239130434782609,2.58695652173913,0.108695652173913,46,1.527872031022782,1.607367910809501,3.135239941832283,-0.07949587978671838,0.88215901566983,0.7709065400954529,0.8251223414266892
심야,저온_약한비_높음_약풍_눈없음,1.042145593869732,1.256704980842912,2.298850574712644,-0.2145593869731801,261,1.527872031022782,1.607367910809501,3.135239941832283,-0.07949587978671838,0.682089581266896,0.7818402821106535,0.733229550963541
심야,저온_약한비_보통_강풍_눈없음,1.216216216216216,1.364864864864865,2.581081081081081,-0.1486486486486487,74,1.527872031022782,1.607367910809501,3.135239941832283,-0.07949587978671838,0.7960196871998902,0.8491303426466273,0.823248341105484
심야,적정_강한비_높음_강풍_눈없음,1.076433121019108,1.203821656050955,2.280254777070064,-0.1273885350318471,314,1.527872031022782,1.607367910809501,3.135239941832283,-0.07949587978671838,0.7045309418345241,0.7489397094189146,0.7272983310289952
심야,적정_강한비_높음_보통_눈없음,0.6741573033707865,1.191011235955056,1.865168539325843,-0.5168539325842697,89,1.527872031022782,1.607367910809501,3.135239941832283,-0.07949587978671838,0.441239377174471,0.7409698973990594,0.594904560394127
심야,적정_강한비_보통_약풍_눈없음,1.615384615384615,1.861538461538462,3.476923076923077,-0.2461538461538462,65,1.527872031022782,1.607367910809501,3.135239941832283,-0.07949587978671838,1.057277430691136,1.158128421638675,1.10898149469578
심야,적정_비없음_낮음_강풍_눈없음,2.323529411764706,1.950980392156863,4.274509803921569,0.3725490196078431,102,1.527872031022782,1.607367910809501,3.135239941832283,-0.07949587978671838,1.520761794565542,1.213773386314719,1.36337565329162
심야,적정_비없음_낮음_보통_눈없음,3.074074074074074,2.62037037037037,5.694444444444445,0.4537037037037037,108,1.527872031022782,1.607367910809501,3.135239941832283,-0.07949587978671838,2.011997085918405,1.630224389045257,1.816270700199272
심야,적정_비없음_낮음_약풍_눈없음,1.610337972166998,1.785288270377734,3.395626242544731,-0.1749502982107356,503,1.527872031022782,1.607367910809501,3.135239941832283,-0.07949587978671838,1.053974377087727,1.110690501142721,1.083051474701574
심야,적정_비없음_높음_강풍_눈없음,1.482843137254902,1.588235294117647,3.071078431372549,-0.1053921568627451,408,1.527872031022782,1.607367910809501,3.135239941832283,-0.07949587978671838,0.9705283604558574,0.9880969275526857,0.979535374755963
심야,적정_비없음_높음_보통_눈없음,1.454337899543379,1.633561643835616,3.087899543378995,-0.1792237442922374,876,1.527872031022782,1.607367910809501,3.135239941832283,-0.07949587978671838,0.9518715376770274,1.016296040781929,0.9849005500913524
심야,적정_비없음_높음_약풍_눈없음,1.76704795424549,1.818961724593049,3.586009678838539,-0.05191377034755829,4546,1.527872031022782,1.607367910809501,3.135239941832283,-0.07949587978671838,1.156541855840243,1.131639939033613,1.143775195956077
심야,적정_비없음_보통_강풍_눈없음,1.620192307692308,1.831730769230769,3.451923076923077,-0.2115384615384615,208,1.527872031022782,1.607367910809501,3.135239941832283,-0.07949587978671838,1.06042408971105,1.139584009928551,1.101007623329052
심야,적정_비없음_보통_보통_눈없음,1.891714520098441,1.789991796554553,3.681706316652994,0.1017227235438884,1219,1.527872031022782,1.607367910809501,3.135239941832283,-0.07949587978671838,1.238136756016207,1.113616729883004,1.174298103162512
심야,적정_비없음_보통_약풍_눈없음,1.829694323144105,1.856622998544396,3.686317321688501,-0.02692867540029112,1374,1.527872031022782,1.607367910809501,3.135239941832283,-0.07949587978671838,1.197544222286259,1.155070339564864,1.175768805603491
심야,적정_약한비_높음_강풍_눈없음,1.141176470588235,1.282352941176471,2.423529411764706,-0.1411764705882353,85,1.527872031022782,1.607367910809501,3.135239941832283,-0.07949587978671838,0.7469057927739623,0.7977967785425389,0.772996471315799
심야,적정_약한비_높음_보통_눈없음,1.134328358208955,1.373134328358209,2.507462686567164,-0.2388059701492537,268,1.527872031022782,1.607367910809501,3.135239941832283,-0.07949587978671838,0.7424236684597317,0.8542750661649533,0.7997673967823222
심야,적정_약한비_높음_약풍_눈없음,1.819634703196347,1.97945205479452,3.799086757990867,-0.1598173515981735,438,1.527872031022782,1.607367910809501,3.135239941832283,-0.07949587978671838,1.190960149966391,1.231486607069088,1.211737164770433
야간,고온_강한비_높음_강풍_눈없음,1.584415584415584,1.551948051948052,3.136363636363636,0.03246753246753246,154,4.449732397525879,3.985834695381854,8.435567092907734,0.4638977021440246,0.3560698583349741,0.3893658845777524,0.3718023461636097
야간,고온_강한비_높음_보통_눈없음,2.8,2.88,5.68,-0.08,75,4.449732397525879,3.985834695381854,8.435567092907734,0.4638977021440246,0.6292513234182001,0.7225588164348316,0.6733394373420967
야간,고온_강한비_높음_약풍_눈없음,1.5,1.254098360655738,2.754098360655738,0.2459016393442623,122,4.449732397525879,3.985834695381854,8.435567092907734,0.4638977021440246,0.3370989232597501,0.3146388288778723,0.3264864508008319
야간,고온_비없음_낮음_강풍_눈없음,6.830065359477124,7.003267973856209,13.83333333333333,-0.173202614379085,306,4.449732397525879,3.985834695381854,8.435567092907734,0.4638977021440246,1.534938452315638,1.757039242488022,1.639881845639496
야간,고온_비없음_낮음_약풍_눈없음,4.23,4.36,8.59,-0.13,100,4.449732397525879,3.985834695381854,8.435567092907734,0.4638977021440246,0.9506189635924953,1.093873763769398,1.018307353304333
야간,고온_비없음_높음_강풍_눈없음,6.012376237623762,5.952970297029703,11.96534653465346,0.0594059405940594,404,4.449732397525879,3.985834695381854,8.435567092907734,0.4638977021440246,1.351177037290318,1.493531656976906,1.418440088599784
야간,고온_비없음_높음_보통_눈없음,5.483752299202943,5.229307173513182,10.71305947271613,0.2544451256897609,1631,4.449732397525879,3.985834695381854,8.435567092907734,0.4638977021440246,1.232377996989661,1.311972917384673,1.269986872811812
야간,고온_비없음_높음_약풍_눈없음,5.827653359298929,5.576436222005842,11.40408958130477,0.2512171372930866,3081,4.449732397525879,3.985834695381854,8.435567092907734,0.4638977021440246,1.30966378170049,1.399063596005856,1.351905503886377
야간,고온_비없음_보통_강풍_눈없음,6.625550660792952,5.268722466960353,11.8942731277533,1.356828193832599,227,4.449732397525879,3.985834695381854,8.435567092907734,0.4638977021440246,1.48897732917082,1.321861760364749,1.410014643562435
야간,고온_비없음_보통_보통_눈없음,5.997770345596432,5.680044593088072,11.6778149386845,0.3177257525083612,897,4.449732397525879,3.985834695381854,8.435567092907734,0.4638977021440246,1.347894616973211,1.425057742527355,1.384354461302633
야간,고온_비없음_보통_약풍_눈없음,5.435589519650655,5.288209606986899,10.72379912663756,0.1473799126637555,1832,4.449732397525879,3.985834695381854,8.435567092907734,0.4638977021440246,1.221554249570812,1.326750859265194,1.271260012341514
야간,고온_약한비_높음_강풍_눈없음,3.08125,2.6125,5.69375,0.46875,160,4.449732397525879,3.985834695381854,8.435567092907734,0.4638977021440246,0.6924573715294032,0.655446148588888,0.6749694403814371
야간,고온_약한비_높음_보통_눈없음,8.45945945945946,8.882882882882884,17.34234234234234,-0.4234234234234234,111,4.449732397525879,3.985834695381854,8.435567092907734,0.4638977021440246,1.901116450095528,2.228612966105931,2.055859689258241
야간,고온_약한비_높음_약풍_눈없음,3.466666666666667,2.244444444444444,5.711111111111111,1.222222222222222,90,4.449732397525879,3.985834695381854,8.435567092907734,0.4638977021440246,0.7790730670892002,0.5631052504623302,0.6770275250270691
야간,고온_약한비_보통_보통_눈없음,3.268041237113402,3.453608247422681,6.721649484536083,-0.1855670103092784,97,4.449732397525879,3.985834695381854,8.435567092907734,0.4638977021440246,0.7344354547995929,0.8664705165580919,0.7968224792127324
야간,저온_강한비_높음_강풍_눈없음,1.181818181818182,0.8181818181818182,2.0,0.3636363636363636,22,4.449732397525879,3.985834695381854,8.435567092907734,0.4638977021440246,0.2655930910531364,0.2052723910326226,0.2370913511767946
야간,저온_강한비_높음_강풍_눈있음,1.082191780821918,1.082191780821918,2.164383561643836,0.0,73,4.449732397525879,3.985834695381854,8.435567092907734,0.4638977021440246,0.2432037893837466,0.2715094487174263,0.2565783115474901
야간,저온_강한비_높음_약풍_눈없음,1.653061224489796,0.8775510204081632,2.530612244897959,0.7755102040816326,49,4.449732397525879,3.985834695381854,8.435567092907734,0.4638977021440246,0.3714967725719695,0.2201674398150351,0.2999931382236993
야간,저온_비없음_낮음_강풍_눈없음,2.395767195767196,1.732275132275132,4.128042328042328,0.6634920634920635,1890,4.449732397525879,3.985834695381854,8.435567092907734,0.4638977021440246,0.538407028049435,0.4346078712903509,0.4893615666352782
야간,저온_비없음_낮음_강풍_눈있음,1.659090909090909,1.159090909090909,2.818181818181818,0.5,44,4.449732397525879,3.985834695381854,8.435567092907734,0.4638977021440246,0.3728518393630569,0.290802553962882,0.3340832675673016
야간,저온_비없음_낮음_보통_눈없음,2.876951331496786,2.20752984389348,5.084481175390266,0.6694214876033058,1089,4.449732397525879,3.985834695381854,8.435567092907734,0.4638977021440246,0.6465447974121806,0.5538438025167505,0.6027432559531275
야간,저온_비없음_낮음_약풍_눈없음,3.119735755573906,2.402146985962015,5.52188274153592,0.717588769611891,1211,4.449732397525879,3.985834695381854,8.435567092907734,0.4638977021440246,0.7011063760392711,0.6026710010691706,0.6545953201152872
야간,저온_비없음_높음_강풍_눈없음,2.874698795180723,2.12289156626506,4.997590361445783,0.7518072289156627,415,4.449732397525879,3.985834695381854,8.435567092907734,0.4638977021440246,0.6460385790343484,0.5326090338680444,0.5924427257116531
야간,저온_비없음_높음_보통_눈없음,3.058536585365854,2.526829268292683,5.585365853658536,0.5317073170731708,410,4.449732397525879,3.985834695381854,8.435567092907734,0.4638977021440246,0.687352926451588,0.633952349107796,0.6621209685303167
야간,저온_비없음_높음_약풍_눈없음,3.18854242204496,2.273386511965192,5.461928934010152,0.9151559100797679,1379,4.449732397525879,3.985834695381854,8.435567092907734,0.4638977021440246,0.7165694781595945,0.570366481730722,0.6474880554980482
야간,저온_비없음_높음_약풍_눈있음,1.492537313432836,1.373134328358209,2.865671641791045,0.1194029850746269,67,4.449732397525879,3.985834695381854,8.435567092907734,0.4638977021440246,0.3354218141888061,0.3445035816335225,0.3397129807906311
야간,저온_비없음_보통_강풍_눈없음,2.729428172942817,2.108786610878661,4.838214783821479,0.6206415620641562,717,4.449732397525879,3.985834695381854,8.435567092907734,0.4638977021440246,0.6133915321425671,0.5290702630798976,0.5735494401898888
야간,저온_비없음_보통_강풍_눈있음,1.731843575418994,1.418994413407821,3.150837988826816,0.3128491620111732,179,4.449732397525879,3.985834695381854,8.435567092907734,0.4638977021440246,0.3892017363520392,0.3560093485693032,0.3735182180550619
야간,저온_비없음_보통_보통_눈없음,3.297872340425532,2.730496453900709,6.028368794326241,0.5673758865248227,705,4.449732397525879,3.985834695381854,8.435567092907734,0.4638977021440246,0.7411394766703726,0.685050099309028,0.7146370514194164
야간,저온_비없음_보통_보통_눈있음,1.513513513513514,1.243243243243243,2.756756756756757,0.2702702702702703,37,4.449732397525879,3.985834695381854,8.435567092907734,0.4638977021440246,0.3401358504963244,0.3119154049925136,0.3268015921626088
야간,저온_비없음_보통_약풍_눈없음,3.129801860088961,2.27982207844723,5.409623938536191,0.8499797816417307,2473,4.449732397525879,3.985834695381854,8.435567092907734,0.4638977021440246,0.7033685580349012,0.5719810912100098,0.6412875244729395
야간,저온_비없음_보통_약풍_눈있음,1.518867924528302,1.264150943396226,2.783018867924528,0.2547169811320755,106,4.449732397525879,3.985834695381854,8.435567092907734,0.4638977021440246,0.3413391612881746,0.3171609060608865,0.3299148518733699
야간,저온_약한비_높음_약풍_눈없음,1.328358208955224,1.477611940298508,2.805970149253731,-0.1492537313432836,67,4.449732397525879,3.985834695381854,8.435567092907734,0.4638977021440246,0.2985254146280374,0.3707158106708557,0.3326356270241596
야간,저온_약한비_높음_약풍_눈있음,1.663461538461539,1.076923076923077,2.740384615384615,0.5865384615384616,104,4.449732397525879,3.985834695381854,8.435567092907734,0.4638977021440246,0.373834062332928,0.2701875916155887,0.3248607456028196
야간,적정_강한비_높음_강풍_눈없음,1.169154228855721,1.064676616915423,2.233830845771144,0.1044776119402985,201,4.449732397525879,3.985834695381854,8.435567092907734,0.4638977021440246,0.2627470877812314,0.267115095904253,0.2648109867621413
야간,적정_강한비_높음_보통_눈없음,1.973913043478261,1.043478260869565,3.017391304347826,0.9304347826086956,115,4.449732397525879,3.985834695381854,8.435567092907734,0.4638977021440246,0.4436026410432653,0.2617966726213158,0.3576986906884684
야간,적정_강한비_높음_약풍_눈없음,2.053097345132743,1.230088495575221,3.283185840707965,0.8230088495575221,113,4.449732397525879,3.985834695381854,8.435567092907734,0.4638977021440246,0.4613979362611329,0.3086150303725466,0.3892074835689859
야간,적정_비없음_낮음_강풍_눈없음,5.569587628865979,4.951030927835052,10.52061855670103,0.6185567010309279,388,4.449732397525879,3.985834695381854,8.435567092907734,0.4638977021440246,1.251667995127697,1.242156613662757,1.247173834411953
야간,적정_비없음_낮음_보통_눈없음,5.275818639798489,5.350125944584383,10.62594458438287,-0.0743073047858942,794,4.449732397525879,3.985834695381854,8.435567092907734,0.4638977021440246,1.18564852185986,1.34228495496395,1.259659779520539
야간,적정_비없음_낮음_약풍_눈없음,6.317034700315458,6.193217665615142,12.5102523659306,0.1238170347003155,1268,4.449732397525879,3.985834695381854,8.435567092907734,0.4638977021440246,1.419643730447212,1.553806953607697,1.483036318500589
야간,적정_비없음_높음_강풍_눈없음,3.942455242966752,3.478260869565217,7.420716112531969,0.4641943734015345,782,4.449732397525879,3.985834695381854,8.435567092907734,0.4638977021440246,0.8859982782692323,0.8726555754043859,0.8796938049098076
야간,적정_비없음_높음_보통_눈없음,4.55200823892894,3.898043254376931,8.450051493305871,0.6539649845520082,971,4.449732397525879,3.985834695381854,8.435567092907734,0.4638977021440246,1.022984717341638,0.9779741389911022,1.00171706303069
야간,적정_비없음_높음_약풍_눈없음,5.291883454734651,4.704474505723205,9.996357960457857,0.5874089490114464,1922,4.449732397525879,3.985834695381854,8.435567092907734,0.4638977021440246,1.189258809738092,1.180298448195555,1.18502500784593
야간,적정_비없음_보통_강풍_눈없음,4.92741935483871,4.668010752688172,9.595430107526882,0.2594086021505376,744,4.449732397525879,3.985834695381854,8.435567092907734,0.4638977021440246,1.107351839310254,1.171150112697025,1.137496744658022
야간,적정_비없음_보통_보통_눈없음,6.052997393570808,5.864465682015639,11.91746307558645,0.1885317115551694,1151,4.449732397525879,3.985834695381854,8.435567092907734,0.4638977021440246,1.360305935911196,1.471326868826357,1.412763711595175
야간,적정_비없음_보통_약풍_눈없음,6.490951546993578,5.84296555750146,12.33391710449504,0.647985989492119,1713,4.449732397525879,3.985834695381854,8.435567092907734,0.4638977021440246,1.458728518281829,1.465932735311715,1.462132535803653
야간,적정_약한비_높음_강풍_눈없음,1.804979253112033,1.286307053941909,3.091286307053942,0.5186721991701245,241,4.449732397525879,3.985834695381854,8.435567092907734,0.4638977021440246,0.4056377084868362,0.3227196189125141,0.3664586237068714
야간,적정_약한비_높음_보통_눈없음,1.4,1.166666666666667,2.566666666666667,0.2333333333333333,60,4.449732397525879,3.985834695381854,8.435567092907734,0.4638977021440246,0.3146256617091001,0.2927032242502211,0.3042672340102198
야간,적정_약한비_높음_약풍_눈없음,2.592896174863388,2.051912568306011,4.644808743169399,0.5409836065573771,366,4.449732397525879,3.985834695381854,8.435567092907734,0.4638977021440246,0.5827083391138485,0.5148012211051898,0.550621990437911
야간,적정_약한비_보통_강풍_눈없음,1.26,2.02,3.28,-0.76,50,4.449732397525879,3.985834695381854,8.435567092907734,0.4638977021440246,0.2831630955381901,0.5067947254160972,0.3888298159299431
출근시간,고온_강한비_높음_강풍_눈없음,2.741176470588235,5.862745098039215,8.60392156862745,-3.12156862745098,255,4.406731881771327,10.20082044809088,14.60755232986221,-5.794088566319554,0.6220429434173776,0.5747327019305049,0.5890050142787071
출근시간,고온_강한비_높음_보통_눈없음,1.319727891156462,1.948979591836735,3.268707482993197,-0.6292517006802721,294,4.406731881771327,10.20082044809088,14.60755232986221,-5.794088566319554,0.2994799607880808,0.1910610623679288,0.2237683226580665
출근시간,고온_강한비_높음_약풍_눈없음,2.382284382284382,4.804195804195804,7.186480186480186,-2.421911421911422,429,4.406731881771327,10.20082044809088,14.60755232986221,-5.794088566319554,0.5406011634469581,0.4709617063297028,0.4919701825602138
출근시간,고온_비없음_낮음_강풍_눈없음,6.84516129032258,15.26451612903226,22.10967741935484,-8.419354838709678,155,4.406731881771327,10.20082044809088,14.60755232986221,-5.794088566319554,1.553341903699188,1.496400824493393,1.513578518843026
출근시간,고온_비없음_낮음_보통_눈없음,2.359649122807018,3.166666666666667,5.526315789473684,-0.8070175438596491,114,4.406731881771327,10.20082044809088,14.60755232986221,-5.794088566319554,0.5354646450281733,0.3104325463604566,0.3783190821213929
출근시간,고온_비없음_높음_강풍_눈없음,5.630012936610608,12.58214747736093,18.21216041397154,-6.952134540750324,773,4.406731881771327,10.20082044809088,14.60755232986221,-5.794088566319554,1.277593710636094,1.233444656867353,1.246763318228231
출근시간,고온_비없음_높음_보통_눈없음,5.639635073492144,11.98023314749113,17.61986822098327,-6.340598073998986,1973,4.406731881771327,10.20082044809088,14.60755232986221,-5.794088566319554,1.279777219217894,1.174438194305564,1.206216334064605
출근시간,고온_비없음_높음_약풍_눈없음,5.081317036667498,11.10850586181093,16.18982289847842,-6.027188825143427,4009,4.406731881771327,10.20082044809088,14.60755232986221,-5.794088566319554,1.153080598728193,1.088981608718534,1.108318665090905
출근시간,고온_비없음_보통_강풍_눈없음,6.809230769230769,15.82769230769231,22.63692307692308,-9.018461538461539,325,4.406731881771327,10.20082044809088,14.60755232986221,-5.794088566319554,1.545188350895025,1.551609734553706,1.549672564283507
출근시간,고온_비없음_보통_보통_눈없음,4.263525305410123,9.268760907504364,13.53228621291449,-5.005235602094241,573,4.406731881771327,10.20082044809088,14.60755232986221,-5.794088566319554,0.9675027707146002,0.9086289631966853,0.926389713165733
출근시간,고온_비없음_보통_약풍_눈없음,4.886133032694476,10.98308906426156,15.86922209695603,-6.09695603156708,887,4.406731881771327,10.20082044809088,14.60755232986221,-5.794088566319554,1.108788363754604,1.076686833196547,1.086371059203026
출근시간,고온_약한비_높음_강풍_눈없음,4.22972972972973,9.672297297297296,13.90202702702703,-5.442567567567568,296,4.406731881771327,10.20082044809088,14.60755232986221,-5.794088566319554,0.9598336915450256,0.9481881723648514,0.9517013331937291
출근시간,고온_약한비_높음_보통_눈없음,5.225806451612903,11.05806451612903,16.28387096774194,-5.832258064516129,155,4.406731881771327,10.20082044809088,14.60755232986221,-5.794088566319554,1.185868936848579,1.084036776492678,1.114756983238926
출근시간,고온_약한비_높음_약풍_눈없음,3.323108384458078,7.259713701431493,10.58282208588957,-3.936605316973415,489,4.406731881771327,10.20082044809088,14.60755232986221,-5.794088566319554,0.7540981556432527,0.7116793926894551,0.7244760687425447
출근시간,저온_강한비_높음_강풍_눈있음,0.8666666666666667,1.266666666666667,2.133333333333333,-0.4,30,4.406731881771327,10.20082044809088,14.60755232986221,-5.794088566319554,0.1966687989917603,0.1241730185441827,0.1460431758284488
출근시간,저온_강한비_높음_보통_눈있음,1.94392523364486,3.476635514018692,5.420560747663552,-1.532710280373832,107,4.406731881771327,10.20082044809088,14.60755232986221,-5.794088566319554,0.4411262781123595,0.3408192048581108,0.3710793311061638
출근시간,저온_강한비_높음_약풍_눈없음,2.054140127388535,4.662420382165605,6.716560509554141,-2.60828025477707,314,4.406731881771327,10.20082044809088,14.60755232986221,-5.794088566319554,0.4661368520934054,0.4570632730858618,0.4598005441215146
출근시간,저온_비없음_낮음_강풍_눈없음,3.578465869106263,8.237860661505982,11.81632653061224,-4.659394792399718,1421,4.406731881771327,10.20082044809088,14.60755232986221,-5.794088566319554,0.8120452900501552,0.8075684405412437,0.8089189936671415
출근시간,저온_비없음_낮음_보통_눈없음,3.835352815395581,8.804704205274412,12.64005702066999,-4.969351389878831,1403,4.406731881771327,10.20082044809088,14.60755232986221,-5.794088566319554,0.8703394983617485,0.8631368672823021,0.8653097202896843
출근시간,저온_비없음_낮음_약풍_눈없음,4.260380622837371,10.68512110726644,14.94550173010381,-6.424740484429066,1156,4.406731881771327,10.20082044809088,14.60755232986221,-5.794088566319554,0.9667891619321463,1.047476637946921,1.023135251725283
출근시간,저온_비없음_높음_강풍_눈없음,4.07645259938838,9.986238532110091,14.06269113149847,-5.909785932721713,654,4.406731881771327,10.20082044809088,14.60755232986221,-5.794088566319554,0.9250511963867908,0.9789642492902668,0.9627000344712183
출근시간,저온_비없음_높음_보통_눈없음,3.820914479254869,9.278154106689247,13.09906858594412,-5.457239627434378,2362,4.406731881771327,10.20082044809088,14.60755232986221,-5.794088566319554,0.8670630711753257,0.9095497910097698,0.8967326140715375
출근시간,저온_비없음_높음_약풍_눈없음,4.52,11.20415841584158,15.72415841584158,-6.684158415841584,5050,4.406731881771327,10.20082044809088,14.60755232986221,-5.794088566319554,1.025703428587796,1.098358555849151,1.076440327630845
출근시간,저온_비없음_높음_약풍_눈있음,1.170984455958549,1.595854922279793,2.766839378238342,-0.4248704663212435,193,4.406731881771327,10.20082044809088,14.60755232986221,-5.794088566319554,0.2657262768362166,0.1564437812037426,0.1894115670961585
출근시간,저온_비없음_보통_강풍_눈없음,3.126328217237308,7.172373081463991,10.2987012987013,-4.046044864226682,847,4.406731881771327,10.20082044809088,14.60755232986221,-5.794088566319554,0.7094437104670529,0.7031172755134932,0.7050258021426131
출근시간,저온_비없음_보통_보통_눈없음,3.285714285714286,7.611217641418984,10.89693192713327,-4.325503355704698,2086,4.406731881771327,10.20082044809088,14.60755232986221,-5.794088566319554,0.7456124796940362,0.7461377915776813,0.7459793181679508
출근시간,저온_비없음_보통_보통_눈있음,1.184210526315789,1.644736842105263,2.828947368421053,-0.4605263157894737,152,4.406731881771327,10.20082044809088,14.60755232986221,-5.794088566319554,0.2687276099583769,0.1612357408381873,0.1936633396573797
출근시간,저온_비없음_보통_약풍_눈없음,4.126638772663878,10.05160390516039,14.17824267782427,-5.924965132496514,3585,4.406731881771327,10.20082044809088,14.60755232986221,-5.794088566319554,0.936439720722273,0.985372103774416,0.9706104320324561
출근시간,저온_비없음_보통_약풍_눈있음,2.427152317880795,5.52317880794702,7.950331125827814,-3.096026490066225,302,4.406731881771327,10.20082044809088,14.60755232986221,-5.794088566319554,0.5507828438396343,0.5414445667437174,0.544261690548591
출근시간,저온_약한비_높음_강풍_눈없음,3.033557046979866,8.140939597315436,11.1744966442953,-5.10738255033557,149,4.406731881771327,10.20082044809088,14.60755232986221,-5.794088566319554,0.6883915628106013,0.79806713967199,0.7649807710393266
출근시간,저온_약한비_높음_강풍_눈있음,1.317460317460317,2.137566137566138,3.455026455026455,-0.8201058201058201,189,4.406731881771327,10.20082044809088,14.60755232986221,-5.794088566319554,0.2989653904087198,0.2095484523469081,0.236523298154705
출근시간,저온_약한비_높음_보통_눈없음,1.016949152542373,1.593220338983051,2.610169491525424,-0.576271186440678,59,4.406731881771327,10.20082044809088,14.60755232986221,-5.794088566319554,0.2307717328456118,0.1561855094980353,0.178686300934172
출근시간,저온_약한비_높음_보통_눈있음,1.966244725738397,4.533755274261603,6.5,-2.567510548523207,474,4.406731881771327,10.20082044809088,14.60755232986221,-5.794088566319554,0.446191140847908,0.4444500613781621,0.444975301352305
출근시간,저온_약한비_높음_약풍_눈없음,2.343220338983051,4.504237288135593,6.847457627118644,-2.161016949152542,236,4.406731881771327,10.20082044809088,14.60755232986221,-5.794088566319554,0.5317365344317639,0.4415563739266264,0.4687614647883473
출근시간,적정_강한비_높음_강풍_눈없음,1.819512195121951,2.8,4.619512195121951,-0.9804878048780488,205,4.406731881771327,10.20082044809088,14.60755232986221,-5.794088566319554,0.4128937824986487,0.2744877252029301,0.3162413586346212
출근시간,적정_강한비_높음_보통_눈없음,1.706766917293233,2.642857142857143,4.349624060150376,-0.9360902255639098,266,4.406731881771327,10.20082044809088,14.60755232986221,-5.794088566319554,0.3873089997495338,0.2590828018497044,0.2977654272207154
출근시간,적정_강한비_높음_약풍_눈없음,1.891891891891892,3.808353808353808,5.7002457002457,-1.916461916461917,407,4.406731881771327,10.20082044809088,14.60755232986221,-5.794088566319554,0.4293185840776472,0.3733379905796259,0.3902259304998479
출근시간,적정_강한비_보통_보통_눈없음,1.216216216216216,3.225225225225225,4.441441441441442,-2.009009009009009,111,4.406731881771327,10.20082044809088,14.60755232986221,-5.794088566319554,0.2759905183356304,0.3161731197639929,0.3040510375144648
출근시간,적정_비없음_낮음_강풍_눈없음,6.352564102564102,15.72435897435897,22.07692307692308,-9.371794871794872,156,4.406731881771327,10.20082044809088,14.60755232986221,-5.794088566319554,1.441559022195521,1.541479830409312,1.511336230628539
출근시간,적정_비없음_낮음_보통_눈없음,4.245149911816578,10.42680776014109,14.67195767195767,-6.181657848324515,567,4.406731881771327,10.20082044809088,14.60755232986221,-5.794088566319554,0.9633329246503195,1.022153836860496,1.004409044078097
출근시간,적정_비없음_낮음_약풍_눈없음,4.884892086330935,12.10431654676259,16.98920863309353,-7.219424460431655,278,4.406731881771327,10.20082044809088,14.60755232986221,-5.794088566319554,1.108506761334299,1.186602255020375,1.16304280480738
출근시간,적정_비없음_높음_강풍_눈없음,4.016949152542373,8.152542372881356,12.16949152542373,-4.135593220338983,413,4.406731881771327,10.20082044809088,14.60755232986221,-5.794088566319554,0.9115483447401667,0.7992045751973934,0.8330958705891915
출근시간,적정_비없음_높음_보통_눈없음,5.766400456360524,14.25242441528808,20.0188248716486,-8.486023958927552,3506,4.406731881771327,10.20082044809088,14.60755232986221,-5.794088566319554,1.308543521836111,1.397184127278259,1.370443481535516
출근시간,적정_비없음_높음_약풍_눈없음,5.034956304619226,11.24415908685572,16.27911539147494,-6.20920278223649,5607,4.406731881771327,10.20082044809088,14.60755232986221,-5.794088566319554,1.142560164698602,1.102279874846743,1.114431427241617
출근시간,적정_비없음_보통_강풍_눈없음,6.071755725190839,14.2381679389313,20.30992366412214,-8.166412213740458,655,4.406731881771327,10.20082044809088,14.60755232986221,-5.794088566319554,1.377836430282262,1.395786545933766,1.390371446597701
출근시간,적정_비없음_보통_보통_눈없음,5.393192488262911,11.85915492957746,17.25234741784038,-6.465962441314554,852,4.406731881771327,10.20082044809088,14.60755232986221,-5.794088566319554,1.223853103151596,1.16256873551744,1.181056690967413
출근시간,적정_비없음_보통_약풍_눈없음,5.642427884615385,13.89002403846154,19.53245192307692,-8.247596153846153,1664,4.406731881771327,10.20082044809088,14.60755232986221,-5.794088566319554,1.280410979382608,1.361657536189759,1.337147489326241
출근시간,적정_약한비_높음_강풍_눈없음,3.77687074829932,8.05170068027211,11.82857142857143,-4.274829931972789,735,4.406731881771327,10.20082044809088,14.60755232986221,-5.794088566319554,0.8570684238636209,0.7893189299081343,0.8097572516916671
출근시간,적정_약한비_높음_보통_눈없음,2.324232081911263,4.122866894197952,6.447098976109215,-1.798634812286689,293,4.406731881771327,10.20082044809088,14.60755232986221,-5.794088566319554,0.5274276139933923,0.404170126822452,0.4413538168834361
출근시간,적정_약한비_높음_약풍_눈없음,3.169753086419753,7.422839506172839,10.59259259259259,-4.253086419753086,324,4.406731881771327,10.20082044809088,14.60755232986221,-5.794088566319554,0.7192979222383826,0.7276708323556513,0.7251449355370896
퇴근시간,고온_강한비_높음_강풍_눈없음,5.755760368663594,3.762672811059908,9.518433179723502,1.993087557603687,434,11.6141322529086,6.84092852098279,18.45506077389139,4.773203731925808,0.4955824717100276,0.5500236991979782,0.5157627653651161
퇴근시간,고온_강한비_높음_보통_눈없음,5.527918781725888,2.969543147208122,8.49746192893401,2.558375634517767,394,11.6141322529086,6.84092852098279,18.45506077389139,4.773203731925808,0.4759648556904885,0.4340848085314459,0.4604407448473689
퇴근시간,고온_강한비_높음_약풍_눈없음,5.287634408602151,2.698924731182796,7.986559139784946,2.588709677419355,372,11.6141322529086,6.84092852098279,18.45506077389139,4.773203731925808,0.4552758909110869,0.3945260826661962,0.4327571302871912
퇴근시간,고온_강한비_보통_강풍_눈없음,8.465753424657533,4.424657534246576,12.89041095890411,4.041095890410959,146,11.6141322529086,6.84092852098279,18.45506077389139,4.773203731925808,0.7289182902611948,0.6467919553135332,0.6984756710820665
퇴근시간,고온_비없음_낮음_강풍_눈없음,16.50949126803341,9.208807896735005,25.71829916476841,7.300683371298406,2634,11.6141322529086,6.84092852098279,18.45506077389139,4.773203731925808,1.42150019549664,1.346134208022983,1.393563504334401
퇴근시간,고온_비없음_낮음_보통_눈없음,15.00378071833648,8.156521739130435,23.16030245746692,6.847258979206049,2645,11.6141322529086,6.84092852098279,18.45506077389139,4.773203731925808,1.291855507722413,1.192312083675835,1.254956715733611
퇴근시간,고온_비없음_낮음_약풍_눈없음,4.942028985507246,4.13768115942029,9.079710144927537,0.8043478260869565,138,11.6141322529086,6.84092852098279,18.45506077389139,4.773203731925808,0.4255185732252691,0.6048420396045677,0.4919902598084489
퇴근시간,고온_비없음_높음_강풍_눈없음,15.76632801161103,7.343976777939042,23.11030478955007,8.42235123367199,689,11.6141322529086,6.84092852098279,18.45506077389139,4.773203731925808,1.357512353767331,1.073535084515688,1.252247558146463
퇴근시간,고온_비없음_높음_보통_눈없음,7.565789473684211,6.944078947368421,14.50986842105263,0.6217105263157895,304,11.6141322529086,6.84092852098279,18.45506077389139,4.773203731925808,0.6514295953354126,1.015078424817515,0.7862270733662352
퇴근시간,고온_비없음_높음_약풍_눈없음,9.631302521008404,7.176470588235294,16.8077731092437,2.454831932773109,952,11.6141322529086,6.84092852098279,18.45506077389139,4.773203731925808,0.8292743970257769,1.049049199421294,0.9107405992952281
퇴근시간,고온_비없음_보통_강풍_눈없음,14.74937056534676,8.328679331654842,23.0780498970016,6.420691233691921,4369,11.6141322529086,6.84092852098279,18.45506077389139,4.773203731925808,1.269950285063526,1.217477906121772,1.250499804890939
퇴근시간,고온_비없음_보통_보통_눈없음,12.67447357112162,8.42286205414697,21.09733562526858,4.251611516974646,4654,11.6141322529086,6.84092852098279,18.45506077389139,4.773203731925808,1.091297506789409,1.231245441070171,1.143173457066869
퇴근시간,고온_비없음_보통_약풍_눈없음,15.33166144200627,8.69216300940439,24.02382445141066,6.639498432601881,1595,11.6141322529086,6.84092852098279,18.45506077389139,4.773203731925808,1.320086693361587,1.270611581855214,1.301747241352761
퇴근시간,고온_약한비_높음_강풍_눈없음,12.64245810055866,6.06145251396648,18.70391061452514,6.581005586592179,179,11.6141322529086,6.84092852098279,18.45506077389139,4.773203731925808,1.088540910785008,0.8860569870558554,1.013484097597002
퇴근시간,고온_약한비_높음_보통_눈없음,12.85667752442997,6.384364820846906,19.24104234527687,6.472312703583062,307,11.6141322529086,6.84092852098279,18.45506077389139,4.773203731925808,1.106985631338079,0.9332599809023742,1.042588945168765
퇴근시간,고온_약한비_높음_약풍_눈없음,5.585284280936455,2.929765886287625,8.51505016722408,2.655518394648829,299,11.6141322529086,6.84092852098279,18.45506077389139,4.773203731925808,0.4809041398282423,0.4282702088322252,0.4613937754824645
퇴근시간,고온_약한비_보통_강풍_눈없음,11.36477987421384,6.572327044025157,17.93710691823899,4.79245283018868,318,11.6141322529086,6.84092852098279,18.45506077389139,4.773203731925808,0.9785302618168211,0.9607361082441124,0.9719343186132906
퇴근시간,저온_강한비_높음_강풍_눈없음,0.9090909090909091,1.136363636363636,2.045454545454545,-0.2272727272727273,22,11.6141322529086,6.84092852098279,18.45506077389139,4.773203731925808,0.0782745442616464,0.1661124850052348,0.1108343435177562
퇴근시간,저온_강한비_높음_보통_눈없음,1.2625,0.725,1.9875,0.5375,80,11.6141322529086,6.84092852098279,18.45506077389139,4.773203731925808,0.1087037733433614,0.1059797654333398,0.1076940371180864
퇴근시간,저온_강한비_높음_보통_눈있음,1.714285714285714,1.071428571428571,2.785714285714286,0.6428571428571429,14,11.6141322529086,6.84092852098279,18.45506077389139,4.773203731925808,0.1476034263219618,0.1566203430049356,0.1509458202194204
퇴근시간,저온_강한비_높음_약풍_눈있음,2.36,1.22,3.58,1.14,100,11.6141322529086,6.84092852098279,18.45506077389139,4.773203731925808,0.2032007169032341,0.17833836390162,0.1939847310101884
퇴근시간,저온_비없음_낮음_강풍_눈없음,7.687454545454545,4.036181818181818,11.72363636363636,3.651272727272727,5500,11.6141322529086,6.84092852098279,18.45506077389139,4.773203731925808,0.6619052011853344,0.590004968740993,0.6352531973355484
퇴근시간,저온_비없음_낮음_강풍_눈있음,2.565,1.775,4.34,0.79,200,11.6141322529086,6.84092852098279,18.45506077389139,4.773203731925808,0.2208516266342353,0.2594677015781767,0.2351658470905636
퇴근시간,저온_비없음_낮음_보통_눈없음,9.231768231768232,4.748917748917749,13.98068598068598,4.482850482850483,3003,11.6141322529086,6.84092852098279,18.45506077389139,4.773203731925808,0.7948736961778841,0.6941919849552095,0.7575529634919783
퇴근시간,저온_비없음_낮음_보통_눈있음,1.921348314606742,1.539325842696629,3.460674157303371,0.3820224719101123,89,11.6141322529086,6.84092852098279,18.45506077389139,4.773203731925808,0.1654319300630976,0.2250170920475404,0.1875189791950851
퇴근시간,저온_비없음_낮음_약풍_눈없음,7.341105354058722,3.861830742659758,11.20293609671848,3.479274611398964,1158,11.6141322529086,6.84092852098279,18.45506077389139,4.773203731925808,0.6320838435622467,0.5645185051728847,0.6070386997894593
퇴근시간,저온_비없음_낮음_약풍_눈있음,3.613793103448276,1.937931034482759,5.551724137931035,1.675862068965517,145,11.6141322529086,6.84092852098279,18.45506077389139,4.773203731925808,0.3111548090511241,0.2832847951178927,0.3008239423294195
퇴근시간,저온_비없음_높음_강풍_눈없음,6.244897959183674,3.615646258503401,9.860544217687075,2.629251700680272,294,11.6141322529086,6.84092852098279,18.45506077389139,4.773203731925808,0.5376981958871466,0.5285315067118938,0.5343002842687419
퇴근시간,저온_비없음_높음_강풍_눈있음,5.8,2.6,8.4,3.2,140,11.6141322529086,6.84092852098279,18.45506077389139,4.773203731925808,0.4993915923893041,0.3800653656919771,0.4551597040462522
퇴근시간,저온_비없음_높음_보통_눈없음,10.44516129032258,4.270967741935483,14.71612903225807,6.174193548387096,155,11.6141322529086,6.84092852098279,18.45506077389139,4.773203731925808,0.8993492637133296,0.6243257371912874,0.7974034446463142
퇴근시간,저온_비없음_높음_약풍_눈없음,7.40877598152425,3.586605080831409,10.99538106235566,3.822170900692841,433,11.6141322529086,6.84092852098279,18.45506077389139,4.773203731925808,0.6379104198394869,0.5242862967841894,0.595792189311615
퇴근시간,저온_비없음_보통_강풍_눈없음,8.814035087719299,4.425730994152047,13.23976608187134,4.388304093567251,855,11.6141322529086,6.84092852098279,18.45506077389139,4.773203731925808,0.7589060375571276,0.6469488725948903,0.7174057156507343
퇴근시간,저온_비없음_보통_강풍_눈있음,1.416666666666667,1.116666666666667,2.533333333333333,0.3,60,11.6141322529086,6.84092852098279,18.45506077389139,4.773203731925808,0.121977831474399,0.1632332019318107,0.137270386934584
퇴근시간,저온_비없음_보통_보통_눈없음,8.125442948263643,4.093550673281361,12.218993621545,4.031892274982282,1411,11.6141322529086,6.84092852098279,18.45506077389139,4.773203731925808,0.6996168780692797,0.5983910898535844,0.6620944667292221
퇴근시간,저온_비없음_보통_약풍_눈없음,7.836614173228346,4.099737532808399,11.93635170603675,3.736876640419947,1524,11.6141322529086,6.84092852098279,18.45506077389139,4.773203731925808,0.6747481432601885,0.5992954787107493,0.6467793226085312
퇴근시간,저온_비없음_보통_약풍_눈있음,5.492647058823529,2.705882352941177,8.198529411764707,2.786764705882353,136,11.6141322529086,6.84092852098279,18.45506077389139,4.773203731925808,0.4729278898514327,0.395543140765406,0.4442428834134902
퇴근시간,저온_약한비_높음_강풍_눈없음,2.792,2.28,5.072,0.512,125,11.6141322529086,6.84092852098279,18.45506077389139,4.773203731925808,0.2403967803363684,0.3332880899145029,0.2748297641574513
퇴근시간,저온_약한비_높음_보통_눈없음,3.694915254237288,1.60593220338983,5.300847457627119,2.088983050847458,236,11.6141322529086,6.84092852098279,18.45506077389139,4.773203731925808,0.318139588371912,0.2347535423684148,0.287230019048558
퇴근시간,저온_약한비_높음_보통_눈있음,2.222222222222222,2.009259259259259,4.231481481481482,0.212962962962963,108,11.6141322529086,6.84092852098279,18.45506077389139,4.773203731925808,0.1913377748618023,0.2937114827462928,0.2292856974747985
퇴근시간,저온_약한비_높음_약풍_눈있음,3.063291139240506,1.518987341772152,4.582278481012659,1.544303797468354,237,11.6141322529086,6.84092852098279,18.45506077389139,4.773203731925808,0.2637554896512693,0.2220440305892758,0.2482938711041942
퇴근시간,저온_약한비_보통_강풍_눈없음,7.84313725490196,2.973856209150327,10.81699346405229,4.869281045751634,153,11.6141322529086,6.84092852098279,18.45506077389139,4.773203731925808,0.6753097936298905,0.4347152875561829,0.5861261361628909
퇴근시간,저온_약한비_보통_강풍_눈있음,1.323943661971831,1.253521126760563,2.577464788732394,0.07042253521126761,71,11.6141322529086,6.84092852098279,18.45506077389139,4.773203731925808,0.1139941954458343,0.183238448248028,0.1396616798129848
퇴근시간,적정_강한비_높음_강풍_눈없음,2.134199134199134,1.878787878787879,4.012987012987013,0.2554112554112554,462,11.6141322529086,6.84092852098279,18.45506077389139,4.773203731925808,0.1837588110523413,0.2746393085419881,0.2174464263300741
퇴근시간,적정_강한비_높음_보통_눈없음,1.653153153153153,1.013513513513514,2.666666666666667,0.6396396396396397,222,11.6141322529086,6.84092852098279,18.45506077389139,4.773203731925808,0.1423397906235435,0.1481543785181823,0.1444951441416673
퇴근시간,적정_강한비_높음_약풍_눈없음,2.808333333333333,1.583333333333333,4.391666666666667,1.225,120,11.6141322529086,6.84092852098279,18.45506077389139,4.773203731925808,0.2418031129816027,0.231450062440627,0.2379654405083084
퇴근시간,적정_비없음_낮음_강풍_눈없음,17.94719549401549,11.77352734099976,29.72072283501526,6.173668153015724,4261,11.6141322529086,6.84092852098279,18.45506077389139,4.773203731925808,1.54528940287561,1.721042297823679,1.610437548765028
퇴근시간,적정_비없음_낮음_보통_눈없음,16.10330138445154,10.9765708200213,27.07987220447284,5.126730564430245,1878,11.6141322529086,6.84092852098279,18.45506077389139,4.773203731925808,1.386526434673473,1.604544001059723,1.467341264071213
퇴근시간,적정_비없음_낮음_약풍_눈없음,12.92897727272727,7.194602272727272,20.12357954545455,5.734375,1408,11.6141322529086,6.84092852098279,18.45506077389139,4.773203731925808,1.113210784171103,1.051699670689392,1.090409822650036
퇴근시간,적정_비없음_높음_강풍_눈없음,5.913043478260869,5.95,11.86304347826087,-0.03695652173913044,460,11.6141322529086,6.84092852098279,18.45506077389139,4.773203731925808,0.509124861806187,0.869764971487409,0.6428070665063141
퇴근시간,적정_비없음_높음_보통_눈없음,8.475836431226766,5.307620817843866,13.78345724907063,3.1682156133829,1076,11.6141322529086,6.84092852098279,18.45506077389139,4.773203731925808,0.729786457279588,0.7758626334954537,0.746865990740614
퇴근시간,적정_비없음_높음_약풍_눈없음,8.232876712328768,7.966731898238748,16.19960861056752,0.2661448140900196,511,11.6141322529086,6.84092852098279,18.45506077389139,4.773203731925808,0.7088671398818417,1.16456879702848,0.8777867929584557
퇴근시간,적정_비없음_보통_강풍_눈없음,12.31824962705122,8.4808552958727,20.79910492292392,3.837394331178518,2011,11.6141322529086,6.84092852098279,18.45506077389139,4.773203731925808,1.060625913224493,1.239722834387153,1.127013623945833
퇴근시간,적정_비없음_보통_보통_눈없음,12.48471121177803,6.642695356738392,19.12740656851642,5.842015855039637,1766,11.6141322529086,6.84092852098279,18.45506077389139,4.773203731925808,1.074958588374212,0.9710224768996827,1.036431513440271
퇴근시간,적정_비없음_보통_약풍_눈없음,15.08472856418062,7.883307965499746,22.96803652968037,7.201420598680873,1971,11.6141322529086,6.84092852098279,18.45506077389139,4.773203731925808,1.298825279039066,1.152373971065437,1.244538655877717
퇴근시간,적정_약한비_낮음_약풍_눈없음,17.65040650406504,8.463414634146341,26.11382113821138,9.1869918699187,123,11.6141322529086,6.84092852098279,18.45506077389139,4.773203731925808,1.51973527765234,1.237173376126792,1.41499513104584
퇴근시간,적정_약한비_높음_강풍_눈없음,15.33333333333333,6.141975308641975,21.47530864197531,9.191358024691358,162,11.6141322529086,6.84092852098279,18.45506077389139,4.773203731925808,1.320230646546436,0.8978277275961947,1.163654181640881
퇴근시간,적정_약한비_높음_보통_눈없음,5.6625,5.13125,10.79375,0.53125,160,11.6141322529086,6.84092852098279,18.45506077389139,4.773203731925808,0.48755256756973,0.7500809260411374,0.5848666732796707
퇴근시간,적정_약한비_높음_약풍_눈없음,6.0,3.606299212598425,9.606299212598426,2.393700787401575,254,11.6141322529086,6.84092852098279,18.45506077389139,4.773203731925808,0.5166119921268663,0.5271651650118883,0.5205238460221482
퇴근시간,적정_약한비_보통_보통_눈없음,11.1890243902439,5.835365853658536,17.02439024390244,5.353658536585366,164,11.6141322529086,6.84092852098279,18.45506077389139,4.773203731925808,0.9633973633666664,0.8530078681220029,0.9224781458312542
퇴근시간,적정_약한비_보통_약풍_눈없음,4.34453781512605,3.369747899159664,7.714285714285714,0.9747899159663865,119,11.6141322529086,6.84092852098279,18.45506077389139,4.773203731925808,0.3740733892571286,0.4925863336861112,0.4180038098383948
